:020000040800F2
:1000000068610024AD0200085B920008B18100081D
:100010001991000819120008A9B200080000000098
:100020000000000000000000000000000D97000824
:10003000ED1600080000000005930008F99800087C
:10004000CB020008CB020008CB020008CB0200085C
:10005000CB020008CB020008CB020008CB0200084C
:10006000CB020008CB020008CB0200086512000892
:100070007912000885120008911200089D120008EC
:10008000CB020008CB020008CB0200087919000857
:10009000CB02000885190008CB020008CB0200083B
:1000A000CB020008CB020008CB020008CB020008FC
:1000B000CB020008CB020008CB020008CB020008EC
:1000C000CB020008CB020008CB020008CB020008DC
:1000D000CB02000855B10008CB020008CB02000893
:1000E000CB020008CB02000800000000CB02000891
:1000F000CB020008CB020008CB020008A9120008BE
:10010000CB020008CB020008CB020008CB0200089B
:10011000CB020008CB0200081D9D0008299D0008A5
:10012000CB020008CB020008CB020008CB0200087B
:10013000CB020008CB020008CB020008CB0200086B
:1001400000000000000000000000000000000000AF
:10015000CB020008CB020008CB020008CB0200084B
:10016000CB020008CB020008CB020008CB0200083B
:10017000CB020008CB020008CB020008CB0200082B
:10018000CB020008CB020008D1A10008CB02000876
:10019000CB020008CB020008CB020008CB0200080B
:1001A000CB020008CB020008CB020008CB020008FB
:1001B000CB020008CB020008CB020008CB020008EB
:1001C000CB020008CB020008CB020008CB020008DB
:1001D000CB020008CB020008CB020008CB020008CB
:1001E000CB020008CB020008CB020008CB020008BB
:1001F000CB020008CB020008CB020008CB020008AB
:10020000CB020008CB020008CB020008CB0200089A
:10021000CB020008CB020008CB020008CB0200088A
:10022000CB020008CB020008CB020008000000004F
:10023000CB020008CB02000800000000CB0200083F
:10024000CB020008CB020008CB020008CB0200085A
:10025000CB020008CB020008CB020008CB0200084A
:10026000CB020008CB020008CB020008CB0200083A
:10027000CB020008CB020008CB02000800000000FF
:10028000CB020008CB020008CB02000800000000EF
:1002900000000000CB020008DFF80CD000F082FA6A
:1002A0000048004745C100086861002407488047AE
:1002B0000748804707480047FEE7FEE7FEE7FEE7FE
:1002C000FEE7FEE7FEE7FEE7FEE7FEE75D19000852
:1002D000F1990008990200082DE9F05F0546002019
:1002E00092469B4688460646814640241BE02846A7
:1002F00041464746224600F08DF853465A46C01AFA
:10030000914110D311461846224600F074F82D1A78
:1003100067EB01084F4622460120002100F06BF8F0
:1003200017EB00094E41201EA4F10104DFDC484612
:1003300031462A464346BDE8F09F40EA01039B0749
:1003400003D009E008C9121F08C0042AFAD203E04A
:1003500011F8013B00F8013B521EF9D27047D2B2AE
:1003600001E000F8012B491EFBD270470022F6E79E
:1003700010B513460A4604461946FFF7F0FF20461B
:1003800010BD421C10F8011B0029FBD1801A7047D8
:1003900010B5002200E0521C835C8C5CA34201D1AA
:1003A000002BF8D1D8B2E1B2401A10BD30B50546E5
:1003B0000020034600E05B1C934205D2EC5CC85C65
:1003C000201A01D1002CF6D130BD30B50B460146C4
:1003D00000202022012409E021FA02F59D4205D3E4
:1003E00003FA02F5491B04FA02F52844151EA2F18E
:1003F0000102F1DC30BD202A04DB203A00FA02F1D0
:10040000002070479140C2F1200320FA03F3194302
:1004100090407047202A04DB203A21FA02F00021A4
:10042000704721FA02F3D040C2F120029140084304
:10043000194670472DE9FE4F804681EA0300C00F40
:100440000C46009021F0004123F00045B8EB02007B
:10045000A94105D24046214690461C460B4602461D
:1004600023F00040104347D0270DC7F30A00C3F321
:100470000A510290401A019040286BDAC3F313002E
:1004800040F4801B0098924620B10023D2EB030A6F
:1004900063EB0B0B01985946C0F140025046FFF741
:1004A000AAFF06460D4650465946019A00F08CF9BF
:1004B00010EB08006141002487EA115284EAE773D7
:1004C0001A4340D0009A62B3019A012A4FEA0752B8
:1004D00015DC001B61EB02014FF0004202EA0752FB
:1004E000CDE90042001C41F5801132462B4600F058
:1004F0008CF903B0BDE8F08F40462146F9E7001BB8
:1005000061EB0201001C41F5801300185B412018CB
:10051000A2F5001747EB030140EAD570B6196D410B
:1005200011E06D084FEA360645EAC0754FEA0752FA
:10053000001B61EB0201001C41F5801149084FEAE4
:1005400030000019514132462B4603B0BDE8F04F50
:1005500000F04CB90098012240000023D0EB0202C9
:1005600063EBE073009821464FEAE074B8EB0000BB
:1005700061EB0401E9E783F000435BE781F00041B0
:1005800058E72DE9FE4F81EA030404F0004421F00E
:10059000004100944FF0000B23F0004350EA0104A7
:1005A0005ED052EA03045BD0C3F30A54C1F30A5588
:1005B0002C44A4F2F3340194A0FB0254C1F31301C0
:1005C00041F48011C3F3130343F4801301FB02448D
:1005D00000FB034E840A970A44EA815447EA835792
:1005E000A4FB076802958D0A05FB07854FEA932C4B
:1005F00004FB0C542705029D4FEA065847EA1637BC
:10060000B5EB08056EEB070C870E920E47EA8117D3
:1006100042EA8312A7FB0201B6EB0B0164EB000474
:100620002B0D43EA0C335E1844EB1C50DA4651465E
:10063000E7FB0201C5F313044FEA0B3343EA1453FB
:100640004FEA0432019C43EA0603A4F10C0402942D
:10065000009CCDE900B400F0D8F803B0BDE8F08FFD
:1006600000200146F9E72DE9F04D81EA030404F08A
:10067000004B21F0004514464FF0000A23F00041E2
:1006800050EA050220D054EA01021DD0C5F30A57F2
:100690000246C5F31303C1F31300C1F30A5640F435
:1006A000801543F48013A7EB0608101BD64608F20A
:1006B000FD3873EB050002D308F1010801E0921840
:1006C0005B41B8F1000F03DA00200146BDE8F08D70
:1006D00000204FF48011064684460EE0171B73EB92
:1006E000050705D3121B63EB050306434CEA010C17
:1006F00049084FEA300092185B4150EA0107EDD1FA
:1007000052EA030012D082EA040083EA050108439A
:1007100005D0101BAB4106D20122002306E00022C7
:100720004FF0004302E06FF0010253101AEB060095
:100730004CEB085110EB0A0041EB0B01BDE8F04D0A
:1007400000F054B8C1F30A52C1F3130140F2FF3371
:1007500041F480119A4202DA00200146704740F2CB
:1007600033439A42A2F2334202DC5242FFF752BEB6
:10077000FFF741BE30B5041E71F1000404DB4FF0F9
:100780000044404264EB0101141E73F1000405DBD8
:100790001C464FF00043524263EB0403994208BFEA
:1007A000904230BD064C074D06E0E06840F0010382
:1007B00094E8070098471034AC42F6D3FFF770FD79
:1007C00018DE000838DE0008202A06DBCB17203AA6
:1007D00041FA02F043EAE07306E041FA02F3D04046
:1007E000C2F12002914008431946704710B5141E0B
:1007F00073F1000408DA401C41F1000192185B41DA
:100800001A4301D120F0010010BD2DE9F04D9246B0
:100810009B4611B1B1FA81F202E0B0FA80F22032C7
:100820009046FFF7E8FD04460F4640EA0A0041EA19
:100830000B0153465A46084313D0114653EA0100B0
:1008400019D0C8F140025046FFF7E4FD05460E46B8
:10085000504659464246FFF7CEFD084305D00120D9
:1008600004E020463946BDE8F08D0020054346EA05
:10087000E0762C4337430A986305E40AA0EB0800AE
:100880000022FD0A44EA47540A3002D500200146FE
:10089000E9E7010510196941DDE9084500196941D9
:1008A000BDE8F04DA2E770B58C1810F8015B15F0AB
:1008B000070301D110F8013B2A1106D110F8012BD2
:1008C00003E010F8016B01F8016B5B1EF9D12B07F7
:1008D00005D40023521E0DD401F8013BFAE710F8AD
:1008E000013BCB1A921C03E013F8015B01F8015B9A
:1008F000521EF9D5A142D8D3002070BD0249022270
:10090000024801F0DDBF0000000000248006002442
:1009100070B53A4905460068884202D0384A90428C
:1009200002D1D1F8080302E03648D0F8080310F4E9
:10093000403F11D005F00EFE04466868B0F5803FD8
:1009400006D0B0F5003F03D0B0F5403F27D101E01D
:10095000000C18E0A40822E000214FF4002004F06D
:1009600091FE044668688103890B18D181140C2913
:1009700015D2DFE801F0140606060606060B0D0F79
:100980001113800C4000B4FBF0F408E0240906E0E9
:10099000640904E0A40902E0E40900E0240A04F088
:1009A00077F941F20301884208D817488442286841
:1009B000816813D821F48071816070BD134960088B
:1009C000884204D82868816821F44071F4E710490E
:1009D000884206D82868816821F4407141F480710A
:1009E000EAE70C4988422868816804D821F44071FC
:1009F00041F40071E0E741F44071DDE7002002407E
:100A00000021024000600258002D3101105E5F009D
:100A100020BCBE0040787D01194801889FED190A6D
:100A200000EE901A1949B8EE601ADFED170A21EEB0
:100A3000001A61EE200AC1ED040A02899FED141A22
:100A400000EE902AF8EE600A60EE810AC1ED070A16
:100A5000028900EE902AF8EE600A60EE800AC1ED8D
:100A6000080A008B9FED0B1A00EE900AF8EE600A60
:100A700020EE800A20EE010A81ED000A7047000096
:100A8000880500240E345338CDCC0C403816002491
:100A9000C0AEAF392122424010B5846B616D11F0B8
:100AA000500F06D0616DC90625D5204601F020FD06
:100AB00010BD606D40F40070606520680168090732
:100AC00007D507F02DFC90B12068C068800403D5DD
:100AD0000DE0C06880070AD1606D20F48070606509
:100AE000606DC00403D4606D40F001006065204675
:100AF00001F0FCFC10BDE16CC96CBDE8104008477A
:100B000010B5806B416D41F040014165816D41F050
:100B10000401816501F0ECFC10BD10B5806B01F0A3
:100B2000E6FC10BD70B50446006881688268C1F3B8
:100B3000400112F0010F28D039BB816801F00D018E
:100B4000012914D18168124A1140891C81602168F1
:100B50000320086004F0A2F8054612E004F09EF8B5
:100B6000401B02280DD920688068C00709D0606D3D
:100B700040F010006065A06D40F00100A06501200C
:100B800070BD20688068C007E8D1002070BD0000FB
:100B9000C0FFFF7F70B504460068816811F0010F47
:100BA00040D18168204A11422DD18168D543294026
:100BB000491C816004F072F81C49064620681C4BF1
:100BC000884201D0984201D11A4A00E01A4A92683C
:100BD000984202F01F0200D0014681421DD0E2B1CE
:100BE00020E0816811F0010F03D181682940491C80
:100BF000816004F053F8801B02280ED92068006839
:100C0000C043C00709D0606D40F010006065A06D62
:100C100040F00100A065012070BD20680168C94353
:100C2000C907DED1002070BD3F00008000200240D7
:100C300000210240002302400063025802490E22B4
:100C400001F11C0001F03CBE8805002410B50B4CDE
:100C5000208A002810D00A4841684A1C426009A036
:100C60000AF09EFC0BF038F900F040F900F040FD6E
:100C700000F0D4FA0020208210BD00001C0F0024D8
:100C8000380000240D0A44656275672052756E3D78
:100C900025640D0A000000007FB5154D288B154C0A
:100CA000009015A094ED000AB7EEC00A53EC102B8B
:100CB0000AF076FC2888009017A094ED040AB7EE9D
:100CC000C00A53EC102B0AF06BFC94ED080AB7EE47
:100CD000C00A8DED020B2889009017A094ED070A39
:100CE000B7EEC00A53EC102B0AF05AFC7FBD00008F
:100CF00088050024381600244361705F766F6C7499
:100D0000616765203D256620414443315F413130B4
:100D10003D25640D0A000000766F6C7461676520E4
:100D20003D2566206164635F76616C756573203D67
:100D300025640D0A0000000063757272656E7420F0
:100D40003D256620414443315F41323D25642020EA
:100D500063757272656E745F766F6C746167653D02
:100D600025660D0A00000000008840BA70470000A8
:100D70002DE9F0412DED028B00F08CF90BF0A2F87B
:100D80000024124EDFF848800127B1EE048A254680
:100D900004EBC40000EB0410C4EBC40106EB8000BC
:100DA00008EBC10147640D75858780ED158A2046E3
:100DB00002F0A0FF204608F055FA641CA4B2102CE3
:100DC000E6D3BDEC028BBDE8F081000038160024AC
:100DD000781C00240EB500218DF808108DF8001045
:100DE0004278052A2FD008DC012A2CD0022A09D00B
:100DF000032A28D0042A26D120E0062A23D0102A4C
:100E000021D11EE0437A03228DF80030C2809DF884
:100E100000009DF80000202815D28DF8041008E08D
:100E20009DF800009DF804009DF80400401C8DF81A
:100E300004009DF804002028F2D304E008F06EF9C5
:100E400001E008F0EFF99DF80800FE2801D001202C
:100E50000EBDBFF34F8F0548054A016801F4E061FC
:100E600011430160BFF34F8F00BFFDE70CED00E0C1
:100E70000400FA05F8B5154ED6F8B401002810D0D4
:100E8000134C1449A16007F00FFA4FF0000548B168
:100E90006088401C80B26080B0F57A7F01D965809F
:100EA0003570F8BD8DF8005009E065806946D6F8C8
:100EB000B40108F09CFAA1689DF800008847D6F8B4
:100EC000B40107F0F1F90028EFD0F8BDF4100024C8
:100ED0004000002439B3000802490870024808F0B5
:100EE000A2BA000040000024300F002410B5234CAB
:100EF000218823A00AF054FB618825A00AF050FB4A
:100F0000A18827A00AF04CFBE18829A00AF048FB41
:100F100021892BA00AF044FB61892DA00AF040FB37
:100F2000A1892FA00AF03CFBE18931A00AF038FB2F
:100F3000218A33A00AF034FB618A34A00AF030FB26
:100F4000A18A35A00AF02CFBE18A36A00AF028FB22
:100F5000218B37A00AF024FB618B38A00AF020FB1C
:100F6000394C218839A00AF01BFB61883AA00AF0AD
:100F700017FBBDE81040FFF78FBE00008805002476
:100F8000414443315F41303D25640D0A00000000BB
:100F9000414443315F41313D25640D0A00000000AA
:100FA000414443315F41323D25640D0A0000000099
:100FB000414443315F41333D25640D0A0000000088
:100FC000414443315F41343D25640D0A0000000077
:100FD000414443315F41353D25640D0A0000000066
:100FE000414443315F41363D25640D0A0000000055
:100FF000414443315F41373D25640D0A0000000044
:10100000504334203D25640D0A0000005043352034
:101010003D25640D0A000000504230203D25640D3E
:101020000A0000005042313D25640D0A0000000016
:10103000504330203D25640D0A0000005043313DEF
:1010400025640D0A000000000000002450433220F7
:101050003D25640D0A0000005043333D25640D0A10
:101060000000000010B500F087F800F0A7F800F0CD
:1010700053FC0AF0BBFFBDE8104000F027B8020A9D
:10108000487002200A707047020A487002200A70F5
:101090007047000004480121044A026002F596727C
:1010A000426001817047000058200024C4D7000826
:1010B000044810B505F06EFFBDE81040024805F089
:1010C00069BF0000B00A0024640A002410B51BA305
:1010D00088B00FCB8DE80F006846FFF752F94FF04C
:1010E000FF34694682B21948234606F0EAFE18A387
:1010F0000DF1100C0FCB8CE80F0004A8FFF741F99D
:1011000082B2174804A9234606F0DBFE154890ED8D
:10111000010A15A0B7EEC00A53EC102B0AF040FAF2
:1011200010490122094806F06DFE0E4901220C48C3
:10113000891C06F067FE08B010BD000048656C6CA5
:101140006F205541525431210D0A0000280C002413
:1011500048656C6C6F206875617274370D0A000009
:10116000940B00242C0000240D0A2053544D3332DC
:10117000463735303D25660010B586B014216846E7
:10118000FFF7F4F801200C4C02224FF4C061CDE9C6
:101190000010CDE902026946204603F051FC01220D
:1011A0002046910203F06FFD002220464FF40071AB
:1011B00003F069FD06B010BD000C0258154808B5D3
:1011C000016841F00101016000680122114600F050
:1011D000010000900B2003F031FF0B2003F021FFF2
:1011E000002203210D2003F029FF0D2003F019FF39
:1011F000002205212F2003F021FF2F2003F011FFF3
:10120000002204210F2003F019FFBDE808400F2041
:1012100003F007BFD8440258FEE700000148082148
:101220000AF040BF04000024F0B506464FF6FF70F8
:101230000022044641F2210510E0B35C80EA03205D
:101240000023070403D585EA400080B201E004EAE8
:1012500040005B1CDBB2082BF3D3521C8A42ECD358
:10126000F0BD0000034810B501F0A0FEBDE810403D
:1012700000F0ECBC08060024014801F097BE000015
:10128000BC0C0024014801F091BE0000AC0D00240C
:10129000014801F08BBE0000340D0024014801F02C
:1012A00085BE0000E4060024014801F07FBE000076
:1012B000240E0024294A016891423AD0274A183264
:1012C000914236D0254A3032914232D0234A4832B8
:1012D00091422ED0214A603291422AD01F4A783260
:1012E000914226D01D4A9032914222D01B4AA83208
:1012F00091421ED01A4A91421BD0194A183291428B
:1013000017D0174A3032914213D0154A48329142D1
:101310000FD0134A603291420BD0114A7832914279
:1013200007D00F4A9032914203D00D4AA832914221
:1013300011D1CAB21823103AB2FBF3F26FF30901CC
:10134000032A02F00703074AD25CC26500D9091DCF
:1013500081650846704721F0FF01F9E7100002405F
:101360001004024028D6000830B5224A0123016843
:101370009142CAB21BD01F4C1434A14217D01D4C4D
:101380002834A14213D01B4C3C34A1420FD0194C3D
:101390005034A1420BD0174C6434A14207D0154CF5
:1013A0007834A14203D0134C8C34A1420CD11421C7
:1013B000114C083AB2FBF1F10F4A803201F01F05DF
:1013C00004EB8101AB4010E00C4D1824103A0D44A1
:1013D000B2FBF4F1A82D00D80831094A01F01F042E
:1013E00002EB8101064AA3408032603080E80E00A3
:1013F00030BD00000854025800580258F0FBFDBFF1
:101400000008024010B50279531E072B2DD8174C47
:101410000168A1421BD0154C1434A14217D0134CC3
:101420002834A14213D0114C3C34A1420FD00F4CB0
:101430005034A1420BD00D4C6434A14207D00B4C68
:101440007834A14203D0094C8C34A14203D108491D
:10145000074C443102E00749064C443104EB820258
:10146000C0E91B2101219940416710BD0854025871
:10147000FC580258FC08024010B583694FF0C07454
:10148000826A0146002053B1B3F5005F15D072B1F6
:10149000012A0CD0022A0AD0032A09D104E01AB189
:1014A000012A06D0022A03D1C96AC90100D5012048
:1014B00010BDC96AA142FAD010BD002AF7D0012A96
:1014C000F2D0022AF3D0032AF3D010BD2DE9F04F59
:1014D000804E804FDFF8FC911836DFF8F8A14837CE
:1014E0000468856D0AF1300ADFF8ECB14C45DFF88D
:1014F000ECC1DFF8ECE16DD0B4426BD0544569D05B
:10150000BC4267D0DFF8D081A8F11808444561D00B
:101510005C455FD064455DD074455BD0DFF8C48125
:10152000444557D0DFF8BC8108F11808444551D034
:10153000DFF8B08108F1300844454BD0DFF8A481D2
:1015400008F14808444545D0DFF8988108F1600863
:1015500044453FD0DFF88C8108F17808444539D004
:10156000DFF8808108F19008444533D0DFF87481BA
:1015700008F1A80844452DD0DFF86C81444529D0F6
:10158000DFF8648108F11408444523D0DFF858815E
:1015900008F1280844451DD0DFF84C8108F13C08CB
:1015A000444517D0DFF8408108F15008444511D078
:1015B000DFF8348108F1640844450BD0DFF8288156
:1015C00008F17808444505D0DFF81C8108F18C0843
:1015D000444509D1D0E91948C4F80480C46E1CB14F
:1015E000D0E91C48C4F8048004684C452ED0B442AD
:1015F0002CD054452AD0BC4228D0374E183EB44295
:1016000024D05C4522D0644520D074451ED0354E90
:10161000B4421BD0334E1836B44217D0314E303658
:10162000B44213D02F4E4836B4420FD02D4E603600
:10163000B4420BD02B4E7836B44207D0294E9036A8
:10164000B44203D0274EA836B44215D190F85C605E
:101650003F2406F01F06B440AC600468256825F4FA
:10166000802525602EE09A600068C160BDE8F08F9B
:1016700099600068C260F9E71B4EB4421BD01A4E55
:101680001436B44217D0184E2836B44213D0164E32
:101690003C36B4420FD0144E5036B4420BD0124EEA
:1016A0006436B44207D0104E7836B44203D00E4EA2
:1016B0008C36B442DAD190F85C60012406F01F0643
:1016C000B4406C60046863608368402B0368CFD1CA
:1016D000C9E700001000024088000240A00002405C
:1016E000B80002401004024008540258704700003D
:1016F0007FB51D4D00241D4E611C1DA095ED0B0AEC
:10170000B7EEC00A8DED020B95ED010AB7EEC00AE7
:101710008DED000B95ED050AB7EEC00A53EC102BCA
:1017200009F03EFF336A328931881AA009F038FF88
:1017300095ED170A611C1FA0B7EEC00A8DED020BD4
:1017400095ED0C0AB7EEC00A8DED000B95ED100A71
:10175000B7EEC00A53EC102B09F022FF641C2404DE
:10176000240CC9D07FBD000078200024781C002400
:101770000D0A43485B25645D5365743D256656201C
:1017800046423D256656207069645F6F75743D253D
:10179000662000000D0A204672653D256420204821
:1017A0004F4D53647574793D2564206C6F773D25EA
:1017B000640000000D0A43485B25645D20495F53C7
:1017C00065743D25665620495F46423D25664120A9
:1017D000695F7069645F6F75743D25662000000065
:1017E0000948002110B505F0AFFE07480024016844
:1017F0004FF47A604863A0B200210AF023FE641C13
:10180000102CF8D310BD0000480B00240648416896
:10181000002908D10168491C0160502903D3002127
:1018200001600122028270471C0F002410B519A02C
:1018300009F0B6FE00214FF4004003F023FF0146FB
:1018400018A009F0ADFE00214FF4805003F01AFFFC
:1018500001461AA009F0A4FE00214FF0807003F0A9
:1018600011FF01461BA009F09BFE00214FF48030C0
:1018700003F008FF01461CA009F092FE00214FF47E
:10188000002003F0FFFEBDE8104001461CA009F057
:1018900087BE00000A0D666463616E5F696E6974DD
:1018A000200000000A0D464443414E20E697B6E969
:1018B000929F3A20256420487A0000000A0D535078
:1018C000493220E697B6E9929F3A20256420487A6B
:1018D000000000000A0D464D4320E697B6E9929FAE
:1018E0003A20256420487A000A0D53444D4D432088
:1018F000E697B6E9929F3A20256420487A000000D6
:101900000A0D414443E697B6E9929F3A20256420A8
:10191000487A0A0D0000000070B58AB014216846AC
:10192000FEF724FD00240B4E022501214FF4A050A8
:101930008DE833006946304603F082F8A803CDE90C
:101940000504CDE9074505A9304603F079F80AB04A
:1019500070BD00000010025872B6FEE70548054948
:101960000839026842F00202026008688004FCD56F
:10197000704700000C480258014802F097BB000075
:10198000A8070024014802F091BB0000A80700242A
:10199000F0B503684FF6FC716D4C426BD3F8845080
:1019A0008D4345EA8205C3F88450036853F8845F89
:1019B000068F25F47F0545EA06451D60836B654D5E
:1019C0009F180268D2F888308B4343EA8703C2F835
:1019D0008830026852F8883F868F23F4FE0343EA7A
:1019E00006431360066856F8A03FC26B8B4307EBB3
:1019F000420243EA82033360076857F8A03FB0F819
:101A0000406023F4FE0343EA06433B60D0E910360E
:101A100003FB06220368D3F8B0608E4346EA8206D1
:101A2000C3F8B0600368B0F84860D3F8B07027F42A
:101A3000FE0747EA0646C3F8B060D0E912670368BC
:101A400006FB0722D3F8AC608E4346EA8206C3F851
:101A5000AC60D0E91467036806FB0722D3F8F06096
:101A60008E4346EA8206C3F8F0600368B0F8586017
:101A7000D3F8F07027F47C1747EA0646C3F8F06005
:101A80000368876D53F8C06F02EB47028E4346EA46
:101A9000820119600168B0F85C20D1F8C03023F4ED
:101AA0007C1343EA0242C1F8C020016890F860202C
:101AB000D1F8C03023F07C5343EA0262C1F8C02061
:101AC000416B04EB8101C166826B01EB820202670C
:101AD000C36B02EBC3024267D0E91034634302EBED
:101AE00083028267D0E91234634302EB8302C26748
:101AF000D0E91434634302EB8302C0F88020836D85
:101B000002EBC303C0F88430C46D826E544303EB10
:101B10008403C0F88830046E544303EB8402C0F899
:101B20009020AA420AD9D0F89C20032142F020023A
:101B3000C0F89C2080F898100120F0BD002200E041
:101B400004C1D0F890308B42FAD80020F0BD0000DC
:101B500000AC0040FCD30040F0B58E680C69D1E9C0
:101B6000005744EA0604DFB145F080452C43866EF9
:101B7000D1E906C54F695E4391F8203045EA0C056E
:101B8000B1F80CC0D0F884E0002047EA03630C4FA2
:101B90001D430EEB860345EA0C45E3E802450AE0E7
:101BA00044EA8544E3E71418155C001DD4F80140AD
:101BB00045EA042410C3CC683C5D8442F3D8F0BDF0
:101BC00030D6000870B514460207C1F30C06D208DF
:101BD0008AB042EA0632C4F30B0600210E9D32435E
:101BE00000924FF08044CDE901410128CDE9035135
:101BF0000DD0002005904FF400120648CDE90621D3
:101C00001A460891694602F0E5F80AB070BD4FF433
:101C10008010EFE7A80700240B4A5FF0000110B521
:101C200001EB410302EBC304247D44B132F83330AD
:101C3000834204D101EB410002EBC00010BD491CFE
:101C40000329EDDB002010BD9C0E0024A94870B5CF
:101C500000F01F011C310E46BFF34F8FA64A1060E3
:101C6000203020390029FADCBFF34F8FBFF36F8F8C
:101C7000A2480021A24CA34D028892B3012A77D03A
:101C8000022A76D0032A75D001809A4801882980DB
:101C9000418869808188A980C188E980018929817A
:101CA000418969818189A981C189E981018A298262
:101CB000418A6982818AA982C18AE982018B29834A
:101CC000408B68838B48BFF34F8F8B490C3908607A
:101CD0002030203E002EFADCBFF34F8FBFF36F8F12
:101CE00070BDFFE74288521C92B242800A2A02D39A
:101CF000012202804180007807F072FD2888A082CE
:101D00006888A4F8A401A888A4F83403E888A4F893
:101D1000C4042889A0846889A4F8B401A889A4F817
:101D20004403E889A4F8D404288AE084688AA4F8E3
:101D3000B601A88AA4F84603E88AA4F8D604B4F841
:101D40004800032817D0B4F84800022813D0B4F88C
:101D50004800012803D0B4F84800062895D1012096
:101D600007F0ACFD288BA081688BA4F89C018CE760
:101D70000AE04DE08EE0002007F0A0FD288BA08057
:101D8000688BA4F8940180E74288521C92B242808A
:101D90000A2A02D3022202804180007807F020FD47
:101DA0002888A4F878006888A4F80802A888A4F80D
:101DB0009803E888A4F828052889A4F88800688989
:101DC000A4F81802A889A4F8A803E889A4F838059B
:101DD000288AA4F88A00688AA4F81A02A88AA4F8B3
:101DE000AA03E88AA4F83A0542E000BFB4F8480024
:101DF000012803D0B4F848000628B8D1012007F024
:101E00005DFD288BA4F87000688BA4F800023CE705
:101E10004288521C92B242800A2A02D303220280D4
:101E20004180007807F0DCFC2888A4F8DC00688892
:101E3000A4F86C02A888A4F89803E888A4F88C0594
:101E40002889A4F8EC006889A4F87C02A889A4F881
:101E5000A803E889A4F89C05288AA4F8EE00688AFB
:101E6000A4F87E02A88AA4F8AA03E88AA4F89E052A
:101E7000B4F84800032803D0B4F848000228B5D1CC
:101E8000002007F01BFD288BA4F86800688BA4F8DD
:101E9000F801FAE64288521C92B242800A2A01D323
:101EA00001804180007807F09BFC2888A4F840015D
:101EB0006888A4F8D002A888A4F86004E888A4F888
:101EC000F0052889A4F850016889A4F8E002A889DF
:101ED000A4F87004E889A4F80006288AA4F852013E
:101EE000688AA4F8E202A88AA4F87204E88AA4F82E
:101EF0000206CAE68805002468EF00E02C040024EE
:101F000038160024FC0E0024F8B5002704461546B8
:101F10000E46009790F8500001280BD0012084F85D
:101F200050002046FEF7FEFD0100606D04D040F039
:101F300010002DE00220F8BD20F4885040F002008F
:101F40006065206806F4803205F08043134D1A4323
:101F500083682B401A4342F000428260104A206896
:101F60000EE0009B5B1C0093934209D3606D84F8E4
:101F7000507020F0020040F0100060650120F8BDB4
:101F80008368DB0FEDD1606D20F0020040F00100AE
:101F90006065084684F85070F8BD0000C0FFFE3F41
:101FA00000F8C3252DE9F0470F4690F850109AB07D
:101FB000044601294FF0000915D00026DFF8F8800B
:101FC000012084F8500015961696216841450ED1DF
:101FD0003A4D0095284606F09FF98246206806F0A3
:101FE0009BF960B10EE002201AB0BDE8F087606D89
:101FF00084F8506040F0200060650120F4E7BAF1F9
:10200000000F09D0616D4FF0010941F020006065BB
:10201000484684F85060E7E720684146884201D08E
:10202000A84201D1264800E0264840F61F72D7F8A2
:1020300000C0254BBCF1000F23D0D0F808C0D7F862
:1020400004802CF4404C4CEA080CC0F808C0D4F8CA
:1020500000C08C4501D0AC4507D18968AB6801F060
:10206000010103F00103194302E0996801F0010145
:102070000029CDD1BD68396883682943934319434A
:1020800017E0876827F44047876027688F4201D0B0
:10209000AF4207D18968AB6801F0010103F0010389
:1020A000194302E0996801F001010029B0D181686B
:1020B00091438160ACE70000002002400021024013
:1020C0000023024000630258006002582DE9F84FD7
:1020D0000446EB4E0020DFF8ACB30090002794F8E4
:1020E00050000D46DFF8A0A3012808D04FF00109E9
:1020F00084F85090206806F00BF918B171E10220C5
:10210000BDE8F88F286800280EDB21680303CA6940
:1021100028D090FAA0F0B0FA80F000BF00F01F03C2
:1021200009FA03F00243CA61D5E900124FF00C0C22
:1021300020681F23C1F384610CEA921C02F01F0285
:10214000604493409140026B9A430A4302632068C3
:1021500006F0DEF88046206806F0D6F858EA00005F
:1021600003D08DE0C0F38460D8E72A680423206898
:102170004FF0070CA96803EAD25318444369C2F32D
:1021800004520CFA02FC914023EA0C030B43436116
:10219000BE490968B9EB117F06D121686869C96831
:1021A000C1F38201490008E02068C168C906C1681E
:1021B0006869F5D501F010014908884029690429AA
:1021C0002ED023682A6803EB810102F0F8420B6EDF
:1021D000024303F0004010430866697E22682869C4
:1021E000012917D05FF0000102EB8000026E22F09F
:1021F00000420A430266297E20682A6901290CD020
:102200000021036902F01F02914023F4F0420A43C7
:10221000026135E04FF00041E6E74FF40061F0E77E
:1022200020682978026E02F0F842B2EB816F03D188
:10223000016E21F00041016620682978426E02F0AB
:10224000F842B2EB816F03D1416E21F0004141664B
:1022500020682978826E02F0F842B2EB816F03D1D8
:10226000816E21F00041816620682978C26E02F0FB
:10227000F842B2EB816F03D1C16E21F00041C1661B
:102280002068816811F0010F72D150F8C03F2A7B9D
:10229000DFF8FCC1296802F018022CFA02FCC1F335
:1022A000130823EA08030CEA010C43EA0C03036059
:1022B000E96859456CD177482268DFF8DCC1DFF85E
:1022C000DCB18242DFF8D8E17648774BDFF8DC8179
:1022D00022D12968614524D0B1EB4C0C38D0A1F152
:1022E000496CBCF1080C35D0A1F1865CBCF1100C36
:1022F00032D0DFF8BCC1614528D071453AD0814267
:1023000030D0994232D06B48814201D16A4831E0E5
:1023100041452ED169482DE0B2422AD12968614554
:1023200001D1012026E0A1F1066CBCF1040C0FD014
:10233000A1F1496CBCF1080C0CD0A1F1865CBCF198
:10234000100C09D0DFF868C1614507D15C4811E085
:1023500058460FE05B480DE05B480BE0714509D043
:10236000814201D1184605E09942D1D1574801E098
:102370003CE00020D16903031AD090FAA0F0B0FA33
:1023800080F000BF00F01F0309FA03F00143D161A0
:10239000D5F800C0BCF1000F28DA3E4B20684C494C
:1023A000DFF83091984201D0B04203D10A4602E0F2
:1023B000800EE7E74A469268984202F0E07201D048
:1023C000B04209D19D68D6F8088005F0010508F0F3
:1023D000010845EA080503E0DAF8085005F00105B0
:1023E0004DB1606D012740F020006065002084F849
:1023F0005000384684E6384DAC451CD115021AD43D
:102400005045F3D1984202D0B04200D049468B6883
:1024100042F4000023F0E07202438A6030492F4802
:102420000968B1FBF0F04000801C00E0401E009005
:102430000028FBD1DAE72B4DAC450CD1D5010AD4ED
:102440005045D3D1984202D0B04200D049468B6863
:1024500042F080700EE0244DAC45C7D15502C5D482
:102460005045C3D1984202D0B04200D049468B6853
:1024700042F4800023F0E07202438A60B6E7000075
:10248000002102400000FF47006002580010005C7D
:10249000FFFF0F000020024002003004400020191E
:1024A0000004002A0008302E001060320000844B27
:1024B0002000F01400002143000052470000B84FF4
:1024C0000002B0258000501D0001802100209036C0
:1024D0000023024000630258000084CB400D03003B
:1024E00018000024000052C70000B8CF70477047A2
:1024F00010B500F021F80446800702D505A009F0C8
:102500004FF8600704D5BDE8104006A009F048B8B0
:1025100010BD00000D0A20414443206572726F72A5
:10252000000000000D0A20444D4120414443206535
:1025300072726F7200000000806D7047F8B54FF046
:10254000000604003546009602D0606D10B107E029
:102550000120F8BD204600F005F9A66584F850601A
:1025600020688168C1F3407119B18168704A1140D7
:10257000816020688168C1F3007181B981686D4A0A
:10258000114041F0805181606C496B480968B1FB92
:10259000F0F0401C00E0401E00900028FBD12068B5
:1025A0008168C1F3007141B9616D012541F01001ED
:1025B0006165A16D41F00101A16505F0A9FE616DA4
:1025C000C90600D420B1606D012540F0100093E0F1
:1025D000606D20F4807040F00200606520688168C2
:1025E00011F0010F1FD1564A564B904201D098422C
:1025F00007D191689E6801F0010106F001063143A0
:1026000003E05149896801F0010161B9904201D0AC
:10261000984201D14D4800E04D488268616822F43B
:102620007C120A43826002F033FB41F203018842CC
:1026300002D9A06810280CD0617D227FA368206B8E
:10264000490341EA024118430843217F01290CD084
:1026500010E0607D227F216B400340EA024241F09E
:102660001000104340F00C00EFE7218C394A02EBD8
:1026700041410843616A29B1A26A01F478710143BA
:1026800042EA01002168344BCA681A400243CA601A
:10269000206805F03DFE0646206805F035FE304313
:1026A0001DD1216844F20303267DE26AC86842EA2C
:1026B000863298431043C86094F8380001281ED031
:1026C0002068016921F0010101612068626B0169E4
:1026D00021F07041114301612046FEF719F9E068CD
:1026E000012820681CD0016B21F00F010163606D8F
:1026F00020F0020040F0010060652846F8BD206827
:10270000A28F164FD4E9101C154E07EB0247A36C9D
:10271000026941EA0C013B43324019431143D3E7BC
:10272000A269016B521E21F00F011143DEE7000088
:10273000C0FFFF5FC0FFFF7F400D030018000024B3
:1027400000200240002102400060025800230240A5
:10275000006302580000FEFF03C0F0FF0100FFFF0E
:102760001EF800FC2DE9F04786B08046142168462B
:10277000FDF7FCFD4FF480664B4BD8F800100025A8
:1027800047480324474A770099424FF400594FF4D1
:10279000807A4CD1424908390B6843F020030B6022
:1027A000096801F020010591016841F00401016010
:1027B000016801F004010591016841F00101016027
:1027C000016801F001010591016841F00201016019
:1027D0000068694600F00200059033208DE8310062
:1027E000104602F02DF9FF2069468DE831002F4890
:1027F00002F026F9009469462D48CDE9014502F022
:102800001FF92C4C09232C4A2A482260F201C4E902
:1028100001350C3484E8E006C4E9052537E000BF43
:10282000C8F84C40C4F8388006B0BDE8F087234BA8
:102830009942F9D1016841F080710160016801F0AD
:1028400080710591016841F00401016000686946EA
:1028500000F00400059001208DE83100104602F0E0
:10286000EFF84FF08060014604F018FA4FF0006076
:10287000014604F013FA0F4C0F48DC34603073212A
:1028800023C4A4F10C0084E8E0066561A5610C3C5A
:1028900000F000FF0028C3D0FFF75EF8C0E700009B
:1028A000E04402580008025800200240000002588C
:1028B000000402580806002410000240006002587C
:1028C0002DE9F047384E044600689146DFF8DC8079
:1028D0008A46B04201D0404501D1354900E0354932
:1028E000896801F01F0505F013FD002859D194F8FF
:1028F0005000012855D001204FF0000784F8500007
:1029000025B1052D02D0092D00D003E02046FEF7A9
:1029100041F918B184F85070BDE8F087616D40F658
:10292000016320689943404541F48071616500D09E
:102930000646864200D01DB9606D20F480106065A7
:10294000606DC00404D5A06D20F00600A06500E015
:10295000A7651C20E16C184ACA63E26C1749116430
:10296000E26C1749D1642168086084F850702068CF
:10297000416841F0100141602068E16AC26822F0BC
:1029800003020A43C26021684B46E06C5246403164
:1029900001F062F821680B4B8A681A40121D8A60A8
:1029A000BAE70220B8E70000002002400021024000
:1029B0000023024000630258990A00081B0B00081C
:1029C000010B0008C0FFFF7F2DE9F84F044602F01D
:1029D00065F900903CB194F83500022806D08021BA
:1029E00061650020E4E00120BDE8F88FC74DC74EC7
:1029F000C649183520683036DFF81483DFF81493A1
:102A00008842DFF814A3DFF814B32ED0A8422CD0EC
:102A1000B0422AD0404528D0484526D0504524D041
:102A2000584522D0BD4A183290421ED0BC4A90422E
:102A30001BD0BB4A1832904217D0B94A303290426C
:102A400013D0B74A483290420FD0B54A6032904214
:102A50000BD0B34A7832904207D0B14A90329042BC
:102A600003D0AF4AA832904209D1026822F01E0278
:102A700002602068426922F08002426103E002683D
:102A800022F00E02026027688F4238464DD0A842DD
:102A90004BD0B04249D0404547D0484545D050453D
:102AA00043D0584541D09D4A183290423DD09C4A6F
:102AB00090423AD09A4A1832904236D0984A3032F0
:102AC000904232D0964A483290422ED0944A603298
:102AD00090422AD0924A7832904226D0904A903240
:102AE000904222D08E4AA83290421ED08D4A904207
:102AF0001BD08C4A1432904217D08A4A2832904216
:102B000013D0884A3C3290420FD0864A50329042CD
:102B10000BD0844A6432904207D0824A7832904285
:102B200003D0804A8C32974204D1206E026822F48E
:102B30008072026075492068884228D0A84226D059
:102B4000B04224D0404522D0484520D050451ED028
:102B500058451CD071491831884218D070498842B4
:102B600015D06F491831884211D06D4930318842F3
:102B70000DD06B494831884209D06949603188429B
:102B800005D067497831884201D0654990310168A4
:102B900021F0010101600EE002F080F80099401A76
:102BA000052808D9202262650321002084F8351009
:102BB00084F8340017E73868C007EDD1534A012183
:102BC000206890422ED0A8422CD0B0422AD0404556
:102BD00028D0484526D0504524D0584522D04F4BC8
:102BE000183398421ED04E4B98421BD04C4B183392
:102BF000984217D04A4B3033984213D0484B483351
:102C000098420FD0464B603398420BD0444B7833F8
:102C1000984207D0424B9033984203D0404BA833A0
:102C2000984208D194F85C703F23A06D07F01F070D
:102C3000BB40836007E094F85C30A06D03F01F0395
:102C400001FA03F34360206890424DD0A8424BD074
:102C5000B04249D0404547D0484545D0504543D083
:102C6000584541D02D4A183290423DD02C4A9042CE
:102C70003AD02B4A1832904236D0294A303290420C
:102C800032D0274A483290422ED0254A60329042B4
:102C90002AD0234A7832904226D0214A903290425C
:102CA00022D01F4AA83290421ED01E4A90421BD00A
:102CB0001C4A1432904217D01A4A2832904213D03C
:102CC000184A3C3290420FD0164A503290420BD0F4
:102CD000144A6432904207D0124A7832904203D0AC
:102CE000104A8C3290420BD1D4E919024260E06E56
:102CF00030B1026822F480720260D4E91C024260A2
:102D0000002084F8351084F834006DE6100002408D
:102D1000580002407000024088000240A0000240BB
:102D200010040240085402582DE9F05F28B190F8D1
:102D30003510022904D0802141650120BDE8F09FB3
:102D4000904C904B0168183C18338E4ADFF83C9247
:102D5000A1428D4CDFF838E28E4FDFF83CB2DFF84D
:102D60003CA28F4D8F4E31D091422FD099422DD021
:102D7000A1422BD0494529D0714527D0B94225D051
:102D8000DFF810C20CF1180C61451FD0DFF808C243
:102D9000ACF1600C614519D0DFF8FCC1ACF1480C16
:102DA000614513D0DFF8F0C1ACF1300C61450DD0B6
:102DB000DFF8E4C1ACF1180C614507D0594505D0E6
:102DC000514503D0A94201D0B1422CD1DFF8B4C1A2
:102DD0004FF0040880F83580ACF1180C61451DD027
:102DE00091421BD0994219D0A14217D0494515D024
:102DF000714513D0B94211D06648183081420DD0C8
:102E000065486038814209D063484838814205D01E
:102E100061483038814201D05F481838086820F096
:102E200001000860ABE0D1F800C02CF00E08DFF81C
:102E300054C1C1F80080ACF1180C0168614527D07D
:102E4000914225D0994223D0A14221D049451FD09B
:102E500071451DD0B9421BD0DFF838C10CF1180CF8
:102E6000614515D0DFF830C1ACF1600C61450FD081
:102E7000DFF824C1ACF1480C614509D0DFF818C176
:102E8000ACF1300C614503D0DFF80CC1ACF1180C8B
:102E9000D1F800C02CF0010CC1F800C0DFF8E480CC
:102EA0004FF0010C0168A8F11808414546D0914245
:102EB00044D0994242D0A14240D049453ED07145CC
:102EC0003CD0B9423AD0334A1832914236D0324AD5
:102ED000603A914232D0304A483A91422ED02E4A3E
:102EE000303A91422AD02C4A183A914226D059457C
:102EF00024D0514522D0A94220D0B1421ED02A4A26
:102F000091421BD0284A1432914217D0264A2832C7
:102F1000914213D0244A3C3291420FD0224A50327F
:102F200091420BD0204A6432914207D01E4A783237
:102F3000914203D01C4A8C32914218D1016E0A682A
:102F400022F480720A6090F85C20816D02F01F020A
:102F50000CFA02F24A60D0E919124A60C16E31B12E
:102F60000A6822F480720A60D0E91C124A600022CA
:102F7000016D80F835C080F8342001B18847002009
:102F8000DCE60000280002405800024070000240C9
:102F900088000240A0000240700402408804024001
:102FA000A0040240B8040240085402582DE9FC5F16
:102FB0000446F74E0020DFF8D88300904FF41652F5
:102FC000F44808F11808A56DDFF8C493DFF8C0A332
:102FD000016809F1300920680AF1480AB1FBF2F1F1
:102FE000B04201912F68D5F800C0DFF8ACB335D0FE
:102FF0004146884232D0484530D050452ED05845C1
:103000002CD0E5491831884228D0E3493031884234
:1030100024D0E1494831884220D0E04988421DD07F
:10302000DE491831884219D0DC493031884215D048
:10303000DA494831884211D0DFF860E30EF1600EC2
:1030400070450BD0D54A7832904207D0D34B90339D
:10305000984203D0D149A83188427DD194F85C20B0
:10306000082102F01F0201FA02F23A424AD0B042AD
:1030700032D0404530D048452ED050452CD0584510
:103080002AD0C54A1832904226D0C34A30329042E4
:1030900022D0C14A483290421ED0C04A90421BD032
:1030A000BE4A1832904217D0BC4A3032904213D0F8
:1030B000BA4A483290420FD0B84A603290420BD0A0
:1030C000B64A7832904207D0B44A9032904203D048
:1030D000B24AA832904203D1026802F0040202E030
:1030E000026802F008026AB1026822F0040202607B
:1030F00094F85C0000F01F008140A960606D40F012
:103100000100606594F85C00012100F01F0081401F
:10311000394240D02068B04234D0404532D0484592
:1031200030D050452ED058452CD09B4A1832904272
:1031300028D0994A3032904224D0974A483290425F
:1031400020D0964A90421DD0944A1832904219D00D
:10315000924A3032904200E0AFE113D08F4A4832B9
:1031600090420FD08D4A603290420BD08B4A783219
:10317000904207D0894A9032904203D0874AA832C1
:1031800090427DD1406910F0800F04D0A960606D3D
:1031900040F00200606594F85C00042100F01F001C
:1031A000814039423ED02068B04232D0404530D0D4
:1031B00048452ED050452CD058452AD0764A183252
:1031C000904226D0744A3032904222D0724A48321D
:1031D00090421ED0714A90421BD0704A18329042E1
:1031E00017D06E4A3032904213D06C4A4832904227
:1031F0000FD06A4A603290420BD0684A78329042CF
:1032000007D0664A9032904203D0644AA832904276
:103210004ED1006810F0020F04D0A960606D40F03C
:103220000400606594F85C00102100F01F008140EC
:10323000394258D02068B04234D0404532D0484559
:1032400030D050452ED058452CD0534A1832904299
:1032500028D0514A3032904224D04F4A48329042CE
:1032600020D04E4A90421DD04C4A1832904219D07C
:103270004A4A3032904215D0484A4832904200E0E3
:1032800014E00FD0454A603290420BD0434A783266
:10329000904207D0414A9032904203D03F4AA83230
:1032A000904207D1006800F0080006E0006872E76D
:1032B0000068B7E7006800F00400A0B1A9602068CA
:1032C0000168490304D50068000308D5A16C07E034
:1032D0000168C90503D4016821F008010160216C6F
:1032E00009B12046884794F85C00202100F01F00B7
:1032F0008140394279D02068B04232D0404530D048
:1033000048452ED050452CD058452AD0224A183254
:10331000904226D0204A3032904222D01E4A483273
:1033200090421ED01D4A90421BD01C4A1832904237
:1033300017D01A4A3032904213D0184A483290427D
:103340000FD0164A603290420BD0144A7832904225
:1033500007D0124A9032904203D0104AA8329042CD
:1033600003D1006800F0100002E0006800F00200E5
:10337000B0B3A96094F835000428206801680FD024
:1033800049037ED5006800032BD4616C2AE000005D
:103390001000024018000024700002401004024097
:1033A00021F0160101602068416921F0800141612E
:1033B000206C08B9A06C20B12068016821F00801D8
:1033C000016094F85C303F21012003F01F030022CC
:1033D0009940A96084F8350084F83420216D65E0B7
:1033E00003E0E16B09B120468847606D00287DD07D
:1033F000606DC00759D02068042184F83510B042B0
:103400002BD0404529D0484527D0504525D0584598
:1034100023D09D49884220D09B49183188421CD036
:1034200099493031884218D09849884215D0974937
:103430001831884211D09549303188420DD09349D6
:103440004831884209D091496031884205D08F497E
:103450007831884201D08D499031016821F0010115
:10346000016020680099019A491C0091914202D89C
:103470000168C907F6D10068C00710D003200FE02B
:10348000FFE70168C905ACD403680121002223F0DD
:103490001003036084F8351084F83420A1E701207C
:1034A00084F83500002084F83400E16C00291DD038
:1034B00002B02046BDE8F05F0847754988421DD03C
:1034C00073491431884219D071492831884215D086
:1034D0006F493C31884211D06D49503188420DD03E
:1034E0006B496431884209D0694900E084E0783151
:1034F000884203D066498C3188427DD194F85C8043
:103500000427016808F01F0807FA08F717EA0C0FEC
:10351000009746D04F0744D500980F04686003D544
:10352000C8033CD4A16CC1E7880638D42068B042F7
:103530002DD055496039884229D0484527D050457B
:1035400025D0584523D05049884220D04E491831C3
:1035500088421CD04C493031884218D04B498842AF
:1035600015D04A491831884211D048493031884233
:103570000DD046494831884209D0704507D0904265
:1035800005D0984203D04149A831884203D101684F
:1035900021F0080102E0016821F004010160216CC2
:1035A00084E7022707FA08F717EA0C0F00974ED0B6
:1035B0008F074CD500980F04686003D5C80344D426
:1035C000616C73E7880640D42068B0422FD02E4942
:1035D000603988422BD0484529D0504527D05845DE
:1035E00025D02949884222D02749183188421ED047
:1035F00025493031884200E044E018D02349884210
:1036000015D022491831884211D0204930318842E2
:103610000DD01E494831884209D0704507D09042EC
:1036200005D0984203D01949A831884203D10168D6
:1036300021F0140102E0016821F00A01016001217A
:1036400084F83510002084F83400E16B2EE708225E
:1036500002FA08F212EA0C0F14D0090712D5016819
:1036600021F00E01016094F85C100120002201F0AD
:103670001F0100FA01F16960606584F8350084F883
:10368000342012E7BDE8FC9F88000240100402408D
:10369000085402582DE9F05F044601F0FFFA002CAF
:1036A00007467DD0E34E022120684FF00308DFF883
:1036B00088934FF00005DFF884A3B042DFF880B3B1
:1036C00034D0DC4A1832904230D048452ED0504594
:1036D0002CD058452AD0DA4A1832904226D0D84AFF
:1036E0003032904222D0D64A483290421ED0D54A3B
:1036F00090421BD0D34A1832904217D0D14A303270
:10370000904213D0CF4A483290420FD0CD4A603217
:1037100090420BD0CB4A7832904207D0C94A9032BF
:10372000904203D0C74AA83290427DD184F8351028
:10373000B04284F834502ED0BE49183188422AD085
:10374000484528D0504526D0584524D0BC4918318A
:10375000884220D0BA49303188421CD0B84948311B
:10376000884218D0B749884215D0B64918318842E6
:1037700011D0B449303188420DD0B2494831884225
:1037800009D0B0496031884205D0AE4978318842CD
:1037900001D0AC499031016821F00101016008E0DD
:1037A00027E100BF01F07AFAC01B052801D92021CA
:1037B0001CE120680068C007F4D104F1080021680A
:1037C000D4E9053C8E4685C809681043D4E907282A
:1037D0001F43636A38439C4F40EA0C001043394052
:1037E00040EA0800042B40EA010003D1D4E90B129F
:1037F00011430843954909686FF30F01B1F1005F68
:103800000FD36168A1F12902052A08D9163A032AC3
:1038100005D9083A012A02D94F39032901D840F4C1
:103820008010CEF8000000E023E02068676A40695D
:10383000042F20F0070047EA00070DD1D4E90A0160
:10384000074349B12046FDF717FE28B140206065C7
:10385000012184F83510CCE0206847612046FDF74F
:1038600029FD94F85C203F2102F01F029140816005
:1038700054E0774A90421BD0754B1433984217D0CE
:10388000734B2833984213D0714B3C3398420FD07E
:103890006F4B503398420BD06D4B6433984207D036
:1038A0006B4B7833984203D0694B8C3398427DD16F
:1038B00084F8351084F83450664B0168A26801EA38
:1038C000030E402A73D0802A72D00022D4E90378F4
:1038D000D4E9053142EAD70242EAD8085C4AD4E981
:1038E000077C48EAD30848EAD10141EAD7015242AD
:1038F00041EA1C11142341EA0E01016020681044C2
:10390000B0FBF3F08000E0652046FDF7D3FC94F8AF
:103910005C20012102F01F02914041602068B0420A
:1039200057D044491831884253D0484551D050456A
:103930004FD058454DD042491831884249D040496E
:103940003031884245D03E494831884241D03D49D6
:1039500088423ED03B49183188423AD0394930310B
:10396000884236D037494831884232D035496031B3
:1039700088422ED03349783188422AD0314990315B
:10398000884226D02F49A831884222D03049884227
:103990001FD02F49143188421BD02D49283188422D
:1039A00017D02B493C31884213D002E01DE017E0CC
:1039B00018E02749503188420BD0254964318842AC
:1039C00007D023497831884203D021498C3188427D
:1039D00029D12046FDF7C8FCA06880280CD00CE057
:1039E000102273E74FF4804270E74021616584F84C
:1039F00035800120BDE8F09F6560216E2079086068
:103A0000D4E9190141606068401E072808D82046A3
:103A1000FDF7F8FCE06E0560D4E91C01416002E0AE
:103A2000E566256765670120656584F83500002037
:103A3000E0E7000010000240400002405800024051
:103A400070000240100402403F8010FE0010005C35
:103A5000085402580F00FEFF2DE9F84F04008C4671
:103A60004FF00000009014D094F83400012812D0D8
:103A700094F835500120002184F83400012D0CD039
:103A8000C00260650120009084F834100098BDE801
:103A9000F88F0120FBE70220F9E78C4D0226206811
:103AA00084F83560A8428A4D61658A4E8A4FDFF8F6
:103AB0002C82DFF82C92DFF82CA2DFF82CB226D073
:103AC000A84224D0B04222D0B84220D040451ED0D7
:103AD00048451CD050451AD0584518D083498842D3
:103AE00015D082491831884211D08049303188423E
:103AF0000DD07E494831884209D07C4960318842E6
:103B000005D07A497831884201D0784990310168EE
:103B100021F00101016061462046FDF7D7FC6B49A9
:103B2000206888422CD0A8422AD0B04228D0B8427F
:103B300026D0404524D0484522D0504520D0584575
:103B40001ED06A4A90421BD0684A1832904217D061
:103B5000664A3032904213D0644A483290420FD0C5
:103B6000624A603290420BD0604A7832904207D06D
:103B70005E4A9032904203D05C4AA83290420CD107
:103B8000026822F01E0242F016020260206C88B128
:103B90002068026842F008020BE0026822F00E0280
:103BA00042F00A020260206C20B12068026842F0F4
:103BB00004020260206888424BD0A84249D0B0423B
:103BC00047D0B84245D0404543D0484541D0504504
:103BD0003FD058453DD0454A90423AD0434A1832EA
:103BE000904236D0414A3032904232D03F4A483239
:103BF00090422ED03D4A603290422AD03B4A7832E1
:103C0000904226D0394A9032904222D0374AA83288
:103C100090421ED0364A90421BD0354A1432904210
:103C200017D0334A2832904213D0314A3C32904266
:103C30000FD02F4A503290420BD02D4A643290421E
:103C400007D02B4A7832904203D0294A8C329042D6
:103C50000DD1206E0268D20303D5026842F480724F
:103C60000260E06E18B1026842F48072026020685F
:103C7000884226D0A84224D0B04222D0B84220D0D8
:103C800040451ED048451CD050451AD0584518D044
:103C90001649884215D015491831884211D0134968
:103CA000303188420DD011494831884209D00F493E
:103CB0006031884205D00D497831884201D00B49E6
:103CC0009031016841F001010160DFE6100002401F
:103CD00028000240400002405800024070000240AC
:103CE00088000240A0000240B800024010040240D8
:103CF00008540258144BC0EBC002F0B503EBC200ED
:103D000040F6753500212824C180058106890A25E1
:103D10004FF4486746818481C581078245820175D9
:103D200033F8326041F27C5541F2941341F288320B
:103D30008661C16105624462836283695B08C36214
:103D400002638186C186F0BD781C002410B590F80E
:103D50009830012B09D0022B07D0D0F89C1041F0ED
:103D60000201C0F89C10012010BD03689C6D0C423C
:103D700003D1DC6D44F0010404E09C6D31EA0404DD
:103D80001FD00324DC658B0505D50368D3F8E0401C
:103D90001443C3F8E0404B0505D50368D3F8E4406D
:103DA0001443C3F8E4400068084A01EA0203446D82
:103DB000074A1C434465106840EA91701060002077
:103DC00010BDDC6D44F00204DCE70000FFFFCF3FD4
:103DD00014A8004070B5044690F89800022804D05A
:103DE000D4F89C0040F008000DE02068D0F8C03006
:103DF00013F07C5F0BD0D0F8C4309B020CD5D4F804
:103E00009C0040F40070C4F89C00012070BDD4F800
:103E10009C0040F02000F6E7D0F8C400C0F3044551
:103E200020462B46FDF798FE21680120A840C1F8E6
:103E3000D000C4F89400002070BD704770B590F8B1
:103E40009820012A09D0022A07D0D0F89C1041F00E
:103E50000201C0F89C10012070BD0B68CA6883B1D4
:103E60000B69072A43EA427325D00C7A4A6942EA71
:103E700084724968006F00EBC100C0E90032002085
:103E800070BD072A0DD00C7AD6060D8A4B6943EA1D
:103E9000847246EA0543C06E49681A4340F82120FF
:103EA000EDE70B8A4FF06055D1E9062442EA034260
:103EB00045EA0423EFE78A69DBE730B590F89850CC
:103EC000039C012D07D0D0F89C1041F00401C0F8EC
:103ED0009C10012030BD0D01016845EA820040EAD6
:103EE00043002043C1F88000002030BD10B504001D
:103EF0000FD000F08DFC2068C16D21F00301C16579
:103F0000204600F085FB0020C4F89C0084F898004F
:103F100010BD012010BD704770470000F0B590F84B
:103F200098500024022D04D0D0F89C1041F00801D4
:103F300029E0402905D0412929D0056D8D4219D9A4
:103F400042E00568D5F8A06016F4FE0F12D0D5F84F
:103F5000A460760613D0D5F8A460F60105D5D5F88F
:103F6000A06016F0004F00D50124D5F8A470466F6C
:103F7000456C24E0D0F89C1041F0200103E0D0F81B
:103F80009C1041F48071C0F89C100120F0BD0568C0
:103F9000D5F8B06016F4FE0FECD0D5F8B460760614
:103FA000EDD0D5F8B460F60105D5D5F8B06016F0BF
:103FB000004F00D50124D5F8B470866FC56CC7F3E7
:103FC00005273C44654302E0456DC66F4D4306EB53
:103FD00085052E6816F0804656602E6836D026F08D
:103FE00060461660D5F800C000262E4F0CF0005C2D
:103FF000C2F808C0D5F800C00CF0004CC2F810C0E0
:10400000B5F804C01FFA8CFCC2F81CC0D5F804C077
:10401000CCF3034CC2F80CC0D5F804C00CF4801CDF
:10402000C2F814C0D5F804C00CF4001CC2F818C0C3
:10403000D5F804C0CCF3066CC2F820C0D5F804C093
:1040400008354FEADC7CC2F824C008E0C6F38A4693
:10405000C7E700BF15F806C003F806C0761CD2F803
:104060000CC017F80CC0B445F4D840290AD0412937
:104070000CD020294FF001020CD200688A40C0F811
:1040800098200DE00068C0F8A84009E00068C0F87A
:10409000B84005E0006801F01F018A40C0F89C208C
:1040A0000020F0BD30D60008704700002DE9FF5F0A
:1040B000DFF80CB304460BF10401DBF800002568BF
:1040C0000F68AA468007D5F85090696DD5F85080E2
:1040D0006E6D2A6DD5F854C02B6D00EA8770009084
:1040E00009F470496F6D286D01EA09010191DAF850
:1040F0005410DAF85490DAF8505008F00F0806EA35
:104100000806029602F0F00203F071536FEA090606
:104110001F4000F060700CEA020CCDF80CC0F205F4
:1041200001EA00090CD4E843C00509D400214FF48A
:104130008073CAF85030CBF800102046FFF7B4FF68
:10414000700512D4E84340050FD4206800234FF4D3
:104150008068D0F8DC20D0F8E410C0F85080CBF8AC
:1041600000301140204600F098FBDFF858A200987C
:1041700050B12268830F00EA0A001065CBF80030C6
:1041800020460099FFF759FE019850B12268830F2D
:1041900000EA0A001065CBF800302046019900F0D3
:1041A0008BFB029850B12268830F00EA0A00106569
:1041B000CBF800302046029900F09EFA039850B1E7
:1041C0002268830F00EA0A001065CBF80030204611
:1041D000039900F003FB30050CD4E843000509D433
:1041E000236800204FF400621A65CBF800002046D7
:1041F00000F064FBB00512D4E84380050FD42068BA
:1042000000234FF40078D0F8D820D0F8E010C0F8A0
:104210005080CBF800301140204600F03FFB3003C7
:104220000CD4E843000309D4236800204FF4002293
:104230001A65CBF80000204600F05CFAF0030CD4BD
:10424000E843C00309D4236800204FF480321A6584
:10425000CBF80000204600F01FFB70030CD4E843AD
:10426000400309D4226800204FF480231365CBF863
:104270000000204600F00FFBB0030FD4E84380039A
:104280000CD4236800204FF400321A65CBF80000EC
:10429000D4F89C0040F08000C4F89C00B9F1000FF5
:1042A0000BD022684FEA997309EA0A001065CBF82F
:1042B000003049462046FFF72FFE5FB12268BB0F52
:1042C00007EA0A001065CBF80030D4F89C003843A8
:1042D000C4F89C003C492068884268D160688146E7
:1042E0008068800763D0D9F82060D9F82410D9F805
:1042F0002080D9F82400D9F820C0D9F82470D9F842
:104300002030D9F82450D9F8202003F4FC4306F0DB
:104310000F0AD9F824601D40D9F824B008F03008FD
:104320000CF4C07C02F4F02211EA0A0100EA080849
:1043300007EA0C0706EA0206D9F820A004D0C9F85B
:104340002010204600F0A4FAB8F1000005D0616802
:1043500008624146204600F09DFA6FEA0B004006D5
:104360000ED46FEA0A0040060AD460684021C36B8D
:10437000C26B01622046190C02F03F0200F089FA7C
:104380002FB1606807623946204600F080FA35B1E7
:1043900060680562D4F89C002843C4F89C0036B1DC
:1043A00060680662D4F89C003043C4F89C00D4F8DE
:1043B0009C00002802D02046FFF7ADFDBDE8FF9F1E
:1043C00010A80040FFFFCF3F00A000402DE9F041C2
:1043D00094B08D494C2204466846FBF7AEFF64B1A9
:1043E0008A4D2068A84202D100F58070606094F880
:1043F00098004FF0000820B108E0012014B0BDE89B
:10440000F081204684F8998000F020F920688169C5
:1044100021F01001816100F041FC0327064604E011
:1044200000F03CFC801B0A2811D820688069000736
:10443000F6D42068816941F00101816100F02EFC11
:1044400006460DE000F02AFC801B0A2808D9D4F8A3
:104450009C0040F00100C4F89C0084F89870CCE700
:1044600020688069C007EDD02068816941F00201B1
:104470008161207C01282068816937D041F04001AA
:104480008161607C01282068816932D021F48041FB
:104490008161A07C0128206881692DD041F4805180
:1044A00081612068A268816921F4407111438161B2
:1044B0002068816921F0A40181612068016921F0EF
:1044C00010010161E068012819D010B302281BD047
:1044D0002068816941F0800181612068016941F0B3
:1044E00010010161E06803280ED012E021F04001C4
:1044F000C6E741F48041CBE721F48051D0E7206842
:10450000816941F0040103E02068816941F02001E4
:104510008161207E6FF0FF02D4E90773A68A110241
:10452000400602EB0727A0F10070384327685B1EA6
:10453000184301EB06463043F861A068B0F5407FB0
:1045400011D104F12800A68C6FF00F0C89C801EB83
:104550000641401E02EB0322104322680CEB0713B6
:1045600018430843D060206E30B12068626ED0F8E6
:10457000C0101143C0F8C010D4E917126846D142E8
:1045800009D02168A36E51F8C82F50F8233022F0CB
:1045900007021A430A60216C49B12168626C51F824
:1045A000BC3F50F8226023F0070232430A60A16C3E
:1045B00051B12168E36C51F8BC2F50F8233022F040
:1045C000700242EA03120A60216D51B12168626DE6
:1045D00051F8BC3F50F8220023F4E06242EA002088
:1045E00008602068A84204D16068816821F0030156
:1045F0008160C4F894800121C4F89C8084F89810EC
:104600002046FDF7C5F9F9E640D6000800A00040B5
:1046100010B500680A49884210D10A48016821F49F
:10462000807101600848032100F052F9132000F066
:10463000E7FCBDE81040152000F0E2BC10BD000012
:1046400000A00040EC440258000C025810B5B6B06F
:104650000446142130A8FBF789FEC0216846FBF709
:1046600085FE2149206888423CD100204FF400415A
:10467000CDE900104A0368461C9201F067F908B1C1
:10468000FDF76AF91948016841F48071016000681A
:1046900000F48070359015480C38016841F008012D
:1046A000016000680923032100F008003590002014
:1046B0003091022230A9CDE93120CDE933030C48F5
:1046C00000F0BEF900221320114600F0B7FC1320C1
:1046D00000F0A7FC00221520114600F0AFFC1520C9
:1046E00000F09FFC36B010BD00A00040EC44025822
:1046F000000C0258704700002DE9F0439BB0814642
:10470000C8074FF0000435D04021484601AB11AA3C
:10471000FFF704FC48BB1298B0F1804F25D11199E6
:104720001DA0C1F30C35C1F30B08C1F34366149906
:1047300006F036FF012E02D1149844281DD01BA08C
:1047400006F02EFF01AF21461CA03A5D06F028FFBF
:10475000641CE4B2082CF6D3149801AB42462946F7
:10476000C0B20090304604F0EFFD0022484601211F
:10477000FFF7ECFA1BB0BDE8F08314A006F010FFC1
:104780009DF8080001A90828284602D003F01CFE65
:10479000EBE703F0CDFDE8E70D0A446174614C6579
:1047A0006E6774683D202564200000002073686FE8
:1047B0007274636F6465200D0A0000007278646192
:1047C00074615B25645D3A25640D0A0020626967A7
:1047D0005F636F6465200D0A00000000704790F869
:1047E0009810012907D0D0F89C1041F00401C0F8BE
:1047F0009C1001207047022180F898100022016867
:104800008B6923F001038B61C0F89C201046704730
:1048100010B590F898100022022906D0D0F89C100C
:1048200041F00801C0F89C1012E0016803238C6974
:1048300044F001048C6101680DE0322A0AD900BFFE
:10484000D0F89C1041F00101C0F89C1080F898301D
:10485000012010BD521C8C69E407EED08C69002247
:1048600024F010048C61016802E0322AE8D8521C5E
:104870008C692407F9D48C690023012244F00204D6
:104880008C61C0F8943080F89820184610BD7047AD
:1048900070477047704770477047704701A006F037
:1048A0007FBE00000D0A3132332020464443414E82
:1048B000313D2020000000007047000001A006F0FC
:1048C0006FBE00000D0A464443414E313D2020009A
:1048D0002DE9F04F4F4D00224FF0010A4FF00F0B22
:1048E00092E000BF0AFA02F919EA01037ED022F031
:1048F000030606F1B0469407D6F808C4270FDFF880
:1049000018810BFA07FE40450EEA0C0402D14FF065
:10491000000C40E0DFF804C1604502D14FF0010C0B
:1049200039E0DFF8FCC0604502D14FF0020C32E004
:10493000DFF8F0C0604502D14FF0030C2BE0DFF848
:10494000E8C0604502D14FF0040C24E0DFF8DCC081
:10495000604502D14FF0050C1DE0DFF8D4C0604582
:1049600002D14FF0060C16E0DFF8C8C0604502D156
:104970004FF0070C0FE0DFF8C0C0604502D14FF0E8
:10498000080C08E0DFF8B4C0604502D14FF0090C14
:1049900001E04FF00A0C0CFA07FCA44513D12C6877
:1049A0009C432C606F684FF0B0449F436F60676812
:1049B0009F43676027689F432760D6F8084424EA2E
:1049C0000E04C6F8084407680323D4084FEA4208D7
:1049D0004FEA427C03FA08F34FEADC6C1F4307609E
:1049E0000BFA0CF600EB8404276A00E00BE0B743F7
:1049F0002762C4689C43C460446824EA0904446094
:104A000084689C438460521C31FA02F37FF46AAFDD
:104A1000BDE8F08F800000580000025800040258E2
:104A200000080258000C02580010025800140258E6
:104A300000180258001C0258002002580024025896
:104A40002DE9F84F03247D4D00234FF001094FF06D
:104A5000B04B4FF00F0AE9E009FA03F73A4076D07D
:104A60000E7906F00306012E01D0022E18D1D0F8DF
:104A700008C04FEA430ECE6804FA0EF82CEA080C80
:104A800006FA0EF646EA0C068660D0F804C00E79E7
:104A90002CEA070CC6F300169E4046EA0C06466058
:104AA0000E79F643B6070BD0C6684FEA43088F6805
:104AB00004FA08FC26EA0C0607FA08F73743C76031
:104AC0000E7906F00306022E12D1DE080F694FEAB6
:104AD000437C00EB8606B646366A4FEADC6C0AFA7F
:104AE0000CF807FA0CF726EA08063743CEF82070D0
:104AF0000F7906684FEA430807F0030704FA08FC39
:104B000007FA08F726EA0C06374307604E6816F4E2
:104B1000403F1CD04A4E376847F00207376036687E
:104B20009F0706F00206009623F0030606F1B04642
:104B3000B6463F0FD6F80864DFF808810AFA07FC8A
:104B4000404526EA0C0603D14FF0000C41E06CE032
:104B5000DFF8F4C0604502D14FF0010C39E0DFF816
:104B6000ECC0604502D14FF0020C32E0DFF8E0C04B
:104B7000604502D14FF0030C2BE0DFF8D8C0604550
:104B800002D14FF0040C24E0DFF8CCC0604502D124
:104B90004FF0050C1DE0DFF8C4C0604502D14FF0B6
:104BA000060C16E0DFF8B8C0604502D14FF0070CE4
:104BB0000FE0DFF8B0C0604502D14FF0080C08E00C
:104BC000DFF8A4C0604502D14FF0090C01E04FF0BE
:104BD0000A0C0CFA07FC4CEA060CCEF808C44F6825
:104BE000DBF80060FF0226EA020600D516435F46A6
:104BF000CBF80060D1F804C0DBF804605FEA8C2CCD
:104C000026EA020600D516437E606E684F6826EAE3
:104C10000206BF0300D516436E602E684F6826EA71
:104C20000206FF0300D516432E605B1C0A6832FAA9
:104C300003F67FF411AFBDE8F88F00008000005844
:104C4000F4440258000002580004025800080258B8
:104C5000000C0258001002580014025800180258A4
:104C6000001C025800200258002402580069084025
:104C700000D001207047426921EA02030A4043EA5A
:104C80000241816170470AB1816170470904FBE705
:104C900001480068000C70470010005C0148806803
:104CA000704700000C00002430B590F84120202A05
:104CB00024D190F84020012A20D0012380F84030F0
:104CC000242280F84120202300240268156825F062
:104CD000010515600268156825F4805515600268A5
:104CE00015680D43156001680A6842F001020A6008
:104CF00080F8413080F84040002030BD022030BDB7
:104D000030B590F84120202A22D190F84020012A85
:104D10001ED0012380F84030242280F84120202436
:104D200000250268136823F001031360026813680A
:104D300023F4706343EA0121116001680A6842F0BC
:104D400001020A6080F8414080F84050002030BDE8
:104D5000022030BD70B5040004D094F84100002555
:104D600010B106E0012070BD204684F8405000F0EC
:104D700051F8242084F841002068016821F00101E5
:104D80000160D4E9001020F070600861206881683B
:104D900021F400418160E06821680128A06830D0DA
:104DA00040F404408860E0680228206841682BD005
:104DB00021F40061416020682021154A43681343B3
:104DC00043602068C26822F40042C26054F8106B4D
:104DD0000DCC104340EA0320F06054F81C3CD4E9A9
:104DE00000021043186054F81C0D026842F00102E2
:104DF0000260656484F84110256384F84250002005
:104E000070BD40F40040CDE741F40061D2E70000FE
:104E10000080000210B5B6B00446142130A8FBF79C
:104E2000A5FAC0216846FBF7A1FA19492068884213
:104E30002BD10020269010210446CDE900106846B1
:104E400000F084FD08B1FCF787FD1248016841F0CD
:104E500002010160006830AB122100F002003590C1
:104E60004FF44070062283E813000B4830A9CDE9C7
:104E70003342FFF7E5FD07481430016841F0800137
:104E80000160006800F08000359036B010BD000071
:104E9000001C0058E044025800040258024881688F
:104EA00002781144816070470C000024032010B583
:104EB00000F0E4F801F094FB0F4A104914681368FD
:104EC000C4F3032203F00F038A5CC95C02F01F02E3
:104ED00001F01F01D0400A4A20FA01F1116009498E
:104EE00008600F2000F010F808B1012010BD00F09C
:104EF00079F8002010BD000018440258B4D600080C
:104F00001C0000241800002470B50D4D04462878BC
:104F1000A0B14FF47A71B1FBF0F00A490968B1FB16
:104F2000F0F001F0C3FE48B9102C07D20022214650
:104F3000501E00F083F800206C6070BD012070BD31
:104F40000C00002418000024154BF0B5083B4278F3
:104F500013491A600B680A1F23F001030B604368B2
:104F60001360057BC67A827A437B2D07847B45EAF2
:104F70000665C77B90F809C0067A90F800E045EA1C
:104F8000C24040EA834040EA444040EA074040EAE9
:104F90000C2040EA460040EA0E000860F0BD000028
:104FA000A0ED00E0BFF35F8F044800210368034ACF
:104FB00023F48033036070321160704724ED00E009
:104FC000074A40F00100064970321060086840F45A
:104FD00080300860BFF34F8FBFF36F8F70470000C2
:104FE00024ED00E0054808B5016841F002010160C8
:104FF000006800F00200009008BD0000F444025870
:1050000000280DDB410900F01F028900012001F199
:10501000E0219040C1F88001BFF34F8FBFF36F8F45
:105020007047002809DB410900F01F0289000120B8
:1050300001F1E0219040C1F8000170470E4BF0B43F
:105040001B680D46C3F30223C3F10706042E00D9E3
:105050000426191D072901D2002300E0DB1E0124CC
:1050600004FA06F19C40491E2940641E99401440F0
:105070002143F0BC06F0A4BA0CED00E0064900F0B4
:10508000070210B54FF6FF040868044B204040EAC1
:1050900002201843086010BD0CED00E00000FA0586
:1050A000134970B50A68D243520705D5096801F063
:1050B0000701814213D118E00A6822F00702024377
:1050C0000A60FFF7EBFD0A4D4FF47A760446083D7F
:1050D00007E000BFFFF7E2FD001BB04201D901204D
:1050E00070BD2868C0438004F4D4002070BD000067
:1050F0000C480258F8B50446FFF7D0FD05461CB130
:1051000094F8410010B107E00120F8BD204600F0FE
:1051100047F841F28830A06420686FF0FF02A16870
:10512000036802EB012223F4F85111430160A06CE3
:10513000002220212B460090204604F01FF9002871
:10514000E3D12268D4E907352679E168176845EA92
:105150000665DFF844C01943104B2943002501269A
:1051600007EA0C07394311602268D4E90517B4F83F
:1051700010C0D2F804E039430EEA030E4EEA0C43A5
:105180001943516021680A6842F001020A606564AF
:1051900084F84160F8BD00002FFFFF00FEF8E0FF3B
:1051A000F0B5B7B00446142130A8FBF7DFF8C021F2
:1051B0006846FBF7DBF83149206888425BD1002064
:1051C00013904FF000710446CDE90010684600F0DE
:1051D000BDFB08B1FCF7C0FB2948016841F48041E0
:1051E0000160006800F48040359025480C3001686B
:1051F00041F010010160016801F010013591016872
:1052000041F002010160016801F00201359101687D
:1052100041F008010160006804270225309700F082
:105220000800CDE9315409263394CDE9346015489E
:1052300030A9FFF705FC309730A9134FCDE9315461
:10524000CDE933463846FFF7FBFB4FF46050309012
:10525000CDE931540D4830A9CDE93346FFF7F0FBD5
:105260000A2140203090CDE93154CDE9334130A9B5
:105270003846FFF7E5FB37B0F0BD000000500052A4
:10528000D44402580010025800040258000C02587E
:1052900010B501F05FF905490968054AC1F302112B
:1052A000515C01F01F01C84010BD000020440258AD
:1052B000B4D600084A4930B5494C0B1D0A680C3475
:1052C00009681D68246802F0030305F00102C1F3B8
:1052D0000511C4F3CC04002914FB02F200EE102ADD
:1052E000F8EE400A76D0414A9FED3E1ADFED3E1AB5
:1052F000B7EE000A23B1012B5AD0022B18D15CE083
:10530000374C283C23689B0612D5394B246801EEA4
:10531000901A1168C4F3C104F8EE612AE34001EE6B
:10532000903AC1F30801F8EE611A81EEA22A07E073
:1053300002EE101A1168F8EE422A81EEA22A45E028
:1053400001EE901A1168F8EE611A40EE811A71EEC2
:10535000800A62EE200AC1F3462101EE101AB8EE6F
:10536000411A31EE001AC0EE811ABCEEE11A80ED4E
:10537000001A1168C1F3064101EE101AB8EE411A85
:1053800031EE001AC0EE811ABCEEE11A80ED011A6E
:105390001168C1F3066101EE101AB8EE411A31EE40
:1053A000000A80EE801ABCEEC10A80ED020A30BD10
:1053B00001EE901ADFED0F2A03E001EE901ADFED07
:1053C0000E2A1168F8EE611A82EEA12AC1F30801D3
:1053D000B6E7FFE7002101604160816030BD000059
:1053E00028440258000000390024744C304402580C
:1053F0000090D0030024744A20BCBE4B494930B50C
:10540000484C0B1D0A68143409681D68246802F0B2
:105410000303C5F30012C1F30531C4F3CC04002922
:1054200014FB02F200EE102AF8EE400A75D03F4A53
:105430009FED3D1AB7EE000A6BB1DFED3D1A012B6F
:1054400001D0022B64D002EE101A1168F8EE422A45
:1054500081EEA22A21E0334C283C23689B0612D51A
:10546000344B246801EE901A1168C4F3C104F8EEBD
:10547000612AE34001EE903AC1F30801F8EE611AA7
:1054800081EEA22A0BE001EE901ADFED2B2A00BF7D
:10549000F8EE611A116882EEA12AC1F3080101EE4B
:1054A000901A1168F8EE611A40EE811A71EE800AC6
:1054B00062EE200AC1F3462101EE101AB8EE411A3D
:1054C00031EE001AC0EE811ABCEEE11A80ED001A2E
:1054D0001168C1F3064101EE101AB8EE411A31EE1F
:1054E000001AC0EE811ABCEEE11A80ED011A1168B3
:1054F000C1F3066101EE101AB8EE411A31EE000A4E
:1055000080EE801ABCEEC10A80ED020A30BD04E0D4
:1055100001EE901ADFED092ABAE70021016041602F
:105520008160F3E7284402580000003938440258EB
:105530000024744A0090D0030024744C20BCBE4B5D
:10554000494930B5484C0B1D0A681C3409681D6870
:10555000246802F00303C5F30022C1F30551C4F32C
:10556000CC04002914FB02F200EE102AF8EE400AE7
:1055700075D03F4A9FED3D1AB7EE000A6BB1DFEDE3
:105580003D1A012B01D0022B64D002EE101A1168D3
:10559000F8EE422A81EEA22A21E0334C283C23680F
:1055A0009B0612D5344B246801EE901A1168C4F39F
:1055B000C104F8EE612AE34001EE903AC1F308011C
:1055C000F8EE611A81EEA22A0BE001EE901ADFEDEF
:1055D0002B2A00BFF8EE611A116882EEA12AC1F3EE
:1055E000080101EE901A1168F8EE611A40EE811A76
:1055F00071EE800A62EE200AC1F3462101EE101A14
:10560000B8EE411A31EE001AC0EE811ABCEEE11A72
:1056100080ED001A1168C1F3064101EE101AB8EED0
:10562000411A31EE001AC0EE811ABCEEE11A80ED8B
:10563000011A1168C1F3066101EE101AB8EE411AA1
:1056400031EE000A80EE801ABCEEC10A80ED020A3B
:1056500030BD04E001EE901ADFED092ABAE700211F
:10566000016041608160F3E728440258000000397E
:10567000404402580024744A0090D0030024744C23
:1056800020BCBE4B2DE9F04FAC4A0546DFF8A8A27E
:1056900080F48070DFF8AC9289B01311AA4C0843F3
:1056A000A748AAF104064FF0805C4FF000582CD0B8
:1056B00085F400770F4357D0DFF87CB285F480671C
:1056C0000F430BF1080B61D085F400670F4374D0D2
:1056D00085F480570F436ED085F400570F434FF485
:1056E00080394FF4003E67D085F400270F4371D016
:1056F00085F480370F436ED085F480460E436BD01F
:1057000085F400420A4368D02AE0DAF8001001F07C
:105710000701052924D2DFE801F075BC7D25B10021
:1057200006A8FFF7C7FD079809B0BDE8F08F6846E7
:10573000FFF764FE0098F7E703A8FFF701FF03985F
:10574000F2E72068C0F3C10022FA00F0ECE722681B
:10575000D20571D561456FD11846E5E74145E3D0E3
:105760000020E1E74846DFE7DAF8001001F4E071D5
:1057700080294FD004DC002944D04029F0D188E0B2
:10578000C029EFD0B1F5807FEAD177E0DBF80010D7
:1057900001F46001B1F5800F3CD004DC91B3B1F5A8
:1057A000001FDDD175E0B1F5C00FDBD0B1F5000F02
:1057B000D6D163E001E018E030E0DBF8001001F042
:1057C000E061B1F1007F25D008DCD9B1B1F1807F73
:1057D000C6D15EE049E06CE079E09CE0B1F1407F49
:1057E000C0D0B1F1806FBBD148E0DAF8001001F40D
:1057F000E041B1F5005F0DD005DC19B1B1F5805F76
:10580000AED146E094E0B1F5405FABD0B1F5804F4A
:10581000A6D133E020688000A2D58DE7DAF8001029
:1058200001F4E021B1F5403F6CD006DC61B149459F
:105830007AD0714594D157E037E0B1F5802F65D02B
:10584000B1F5A02F8CD10CE000F0A6FE6CE7684605
:10585000FFF7D4FD019867E703A8FFF771FE0498EE
:1058600062E721688903F1D47AE7DBF8001011F4CC
:1058700040310ED0494510D07145F5D131682568C9
:1058800001F040516D077FF562AF00297FF45FAFF3
:1058900057E720680001E7D549E720688000E3D595
:1058A00003A8FFF74DFE05983EE722689203DBD57B
:1058B00054E7306810F480303AD04845D4D120689D
:1058C0000001D1D56846FFF799FD02982CE7DBF877
:1058D000001001F0E041B1F1405F13D008DC71B17C
:1058E000614521D04145BFD120688000B4D437E75D
:1058F000B1F1804F0AD0B1F1A04FB2D030E7FFF73D
:10590000C7FC11E720684007AED51AE72068C0053C
:10591000AAD521E708E0DAF8001011F04051A0D034
:10592000614505D041459FD1206800018FD417E71C
:105930002068800198D5F3E6504402580090D003C7
:1059400040787D010080BB00004402582DE9FE4FE5
:105950000546DFF8E48350F8081B0024F64FC943DE
:10596000019005F12800264608F12408009008015E
:105970001DD4A86E50B1B0F5801F0CD0B0F5001F3B
:105980000ED0B0F5401F1ED001240FE0386840F45F
:105990000030386017E00198022103F061FD03E058
:1059A0000098022103F0ECFD04000CD02646288864
:1059B000C043C00523D4A86D05281ED2DFE800F03F
:1059C0000C11161B1B00AA6ED8F8001021F4401110
:1059D0001143C8F80010EAE7386840F40030386036
:1059E00009E00198002103F03BFD03E0009800214D
:1059F00003F0C6FD044674B100E001242646288861
:105A0000C043800528D4E86D80281ED00CDC90B1FE
:105A100040280ED114E0AA6DD8F8001021F007013B
:105A20001143C8F80010EAE7C02813D0B0F5807F12
:105A300010D001240FE0386840F40030386009E0ED
:105A40000198002103F00CFD03E00098002103F011
:105A500097FD04469CB126462888DFF8DC92C043B7
:105A600009F12C0940052CD4D5F8A800B0F5800F19
:105A700020D00DDCA0B1B0F5001F0FD115E0EA6D0C
:105A8000D8F8001021F4E0711143C8F80010E3E7E2
:105A9000B0F5C00F13D0B0F5000F10D001240FE007
:105AA000386840F40030386009E00198002103F0C4
:105AB000D7FC03E00098002103F062FD04467CB1AE
:105AC00026462888C04300052DD4D5F8AC00B0F197
:105AD000007F21D00EDCA8B1B0F1807F10D116E09C
:105AE000D5F8A820D9F8001021F460011143C9F8B5
:105AF0000010E6E7B0F1407F13D0B0F1806F10D016
:105B000001240FE0386840F40030386009E0019863
:105B1000002103F0A5FC03E00098002103F030FD14
:105B2000044674B126462868C04380011FD4E86C3F
:105B3000D8B110280FD0202812D0302815D0012439
:105B400014E0D5F8AC20D9F8001021F0E061114341
:105B5000C9F80010E7E7386840F40030386004E026
:105B60000198022103F07CFC044674B12646288883
:105B7000C043C0042BD4286EB0F5005F20D00DDCEC
:105B8000A0B1B0F5805F0FD115E06B48EA6C203012
:105B9000016821F0300111430160E8E7B0F5405F92
:105BA00013D0B0F5804F10D001240FE0386840F4D6
:105BB0000030386009E00198002103F051FC03E057
:105BC0000098002103F0DCFC04468CB126462888AE
:105BD000C043800429D4686EB0F5403F23D010DC68
:105BE00008B3B0F5803F14D0B0F5003F0FD115E0F9
:105BF0002A6ED8F8001021F4E0411143C8F80010D3
:105C0000E5E7B0F5802F0ED0B0F5A02F0BD0012422
:105C10000AE00198012103F023FC03E00098012130
:105C200003F0AEFC044694B126462888C0434004E5
:105C30002AD4D5F8B000B0F1405F23D010DC08B30F
:105C4000B0F1805F14D0B0F1005F0FD115E06A6E43
:105C5000D8F8001021F4E0211143C8F80010E4E75F
:105C6000B0F1804F0ED0B0F1A04F0BD001240AE06C
:105C70000198012103F0F4FB03E00098012103F0F7
:105C80007FFC044674B126462888C04300041FD414
:105C9000286FD8B1B0F1805F0ED0B0F1005F10D0A6
:105CA000012414E0D5F8B020D9F8001021F0E0412B
:105CB0001143C9F80010E7E7386840F40030386055
:105CC00004E00198012103F0CBFB044674B12646A1
:105CD0002868C043C0011ED4A86CD0B101280ED0E2
:105CE000022811D0032814D0012413E02A6FD8F819
:105CF000001021F040511143C8F80010E8E738685F
:105D000040F40030386004E00198022103F0A8FB61
:105D10000446ACB126462868DFF81CB0C043ABF19E
:105D20001C0B400252D40548016841F480710160A7
:105D3000FEF7B4FF824611E02C4402580048025896
:105D4000FA48AA6C016821F0030111430160E2E7FF
:105D5000FEF7A4FFA0EB0A00642835D8F4480068D9
:105D6000C005F5D58CBBDFF8C4A3B5F8B4100AF1B3
:105D7000240ADAF8000001F4407100F4407088420F
:105D800011D0DAF80010DAF8002021F4407142F462
:105D90008032CAF80020DAF8002022F48032CAF8F3
:105DA0000020CAF80010D5F8B400B0F5807F1AD1F1
:105DB000FEF774FF029012E0FEF770FF0299411A9D
:105DC00041F2883081420AD9032426462878DFF838
:105DD0005CA3C0430AF1080AC00721D03CE0DAF80E
:105DE00000008007E8D5D5F8B410C1F301200328DE
:105DF00058460DD0016821F47C510160B5F8B420FB
:105E0000DAF80010C2F30B021143CAF80010DDE704
:105E1000C84A036802EA111223F47C511143ECE7EB
:105E2000E86F182816D005DCA0B1082808D0102883
:105E300004D10AE020280DD028280BD001240AE044
:105E40000198012103F00CFB03E00098012103F00D
:105E500097FB044664B126462878C04380071ED4C9
:105E6000A86F062819D2DFE800F0160C11161616D6
:105E7000EA6FDAF8001021F038011143CAF8001077
:105E8000EAE70198012103F0EBFA03E00098012111
:105E900003F076FB04467CB100E001242646287816
:105EA000C04340071FD4D5F89400062819D2DFE874
:105EB00000F0160C11161616AA6FDAF8001021F071
:105EC00007011143CAF80010E9E70198012103F026
:105ED000C7FA03E00098012103F052FB0446A4B185
:105EE00000E0012426462878C04380062BD4D5F84C
:105EF0009000B0F1405F24D011DC10B3B0F1805FAE
:105F000015D0B0F1005F10D116E0D5F89420D9F883
:105F1000001021F007011143C9F80010E3E7B0F1C8
:105F2000804F0ED0B0F1A04F0BD001240AE00198B1
:105F3000002103F095FA03E00098022103F020FB12
:105F4000044694B126462878C04340062BD4D5F8A1
:105F50009C00B0F5406F24D011DC10B3B0F5806F19
:105F600015D0B0F5006F10D116E0D5F89020DAF812
:105F7000001021F0E0411143CAF80010E3E7B0F54A
:105F8000805F0ED0B0F5A05F0BD001240AE001982D
:105F9000002103F065FA03E00098022103F0F0FA13
:105FA000044694B126462878C04300062BD4D5F881
:105FB000A000B0F5C04F24D011DC10B3B0F5005FE5
:105FC00015D0B0F5804F10D116E0D5F89C20D9F847
:105FD000001021F4E0511143C9F80010E3E7B0F5D7
:105FE000004F0ED0B0F5204F0BD001240AE00198ED
:105FF000002103F035FA03E00098022103F0C0FA13
:10600000044654B126462878C04300071ED4D5F86C
:106010008400B0F5805F0AD00FE0D5F8A020D9F851
:10602000001021F460411143C9F80010EBE700981B
:10603000022103F0A5FA00B10126D5F88420DAF890
:10604000001021F440511143CAF800102878C043D1
:10605000C00613D4D5F89800B0F5807F05D100981C
:10606000022103F08DFA00B10126D5F89820D9F865
:10607000001021F440711143C9F800102868C04392
:10608000000316D4D5F8A40038B1B0F5803F09D08C
:10609000B0F5003F0BD001240AE00198002103F085
:1060A000DFF903E00098022103F06AFA04468CB19C
:1060B00026462868C043400322D4D5F88800B0F5AE
:1060C000801F11D0B0F5001F13D0B0F5401F15D0C0
:1060D000012414E0D5F8A420D9F8001021F44031AF
:1060E0001143C9F80010E4E7386840F40030386024
:1060F00004E00098012103F043FA04465CB126460F
:106100002868C043C00323D4286DA8B1B0F5803FF0
:1061100017D001241BE0D5F88820DAF8001021F40C
:1061200040111143CAF80010EAE700004C4402583D
:1061300000480258CFFFFF00386840F40030386054
:1061400004E00198022103F08BF90446E4B12646ED
:106150002868C043800005D40098022103F010FA9B
:1061600000B101262868C04380031BD4D5F8800005
:10617000B0B1B0F5807F0FD0B0F5007F10D0B0F592
:10618000407F0DD001240CE05A482A6D016821F4AB
:10619000803111430160DBE7386840F4003038603B
:1061A000ECB326462868C043C00207D46A6FD8F80B
:1061B000001021F000411143C8F800102868C043C6
:1061C000C00008D4D5F8B820DBF8001021F48041D5
:1061D0001143CBF800102868C043800207D4EA6E50
:1061E000D8F8001021F080711143C8F80010286819
:1061F000C04340000CD4DBF8001021F40041CBF880
:106200000010DBF80010D5F8BC201143CBF80010CB
:106210002868C04308D437486A6D016800E018E078
:1062200021F04051114301602868C043000208D4A6
:10623000D5F88C20DAF8001021F440011143CAF897
:10624000001028790024C04300F0010020430AD048
:106250000FE0D5F88020DAF8001021F440711143E6
:10626000CAF800109EE70198002103F0F9F800B188
:1062700006462879C04300F00200204305D101986A
:10628000012103F0EDF800B106462879C04300F083
:106290000400204305D10198022103F0E1F800B188
:1062A00006462879C04300F00800204305D1009835
:1062B000002103F065F900B106462879C04300F0DB
:1062C0001000204305D10098012103F059F900B1D5
:1062D00006462879C04300F02000044304D100980A
:1062E000022103F04DF900B916B10120BDE8FE8F7F
:1062F0000020FBE74C4402582DE9F05F04000F46F4
:106300007ED0DFF83882D8F8000000F00F00B842E5
:106310000CD2D8F8001021F00F013943C8F8001052
:10632000D8F8000000F00F00B84269D12078844D01
:1063300040070AD52069296801F07001884204D914
:10634000296821F070010143296020787C4E361DB8
:1063500000070AD56069316801F07001884204D9EC
:10636000316821F07001014331602078C0060AD500
:10637000A069316801F4E061884204D9316821F4F0
:10638000E061014331602078DFF8B4B180060BF1A1
:10639000080B0CD5E1695846DBF8002002F07002CA
:1063A000914204D9026822F070020A430260207808
:1063B00080070AD5E068296801F00F01884204D9F6
:1063C000296821F00F01014329602078C0073ED0E1
:1063D0005B49A2682868183920F47060104328606F
:1063E0006068022818D0032819D00968012819D03C
:1063F000490700294ADADFF848A1AAF1080A00E0B3
:1064000044E0DAF8002022F007020243CAF8002034
:10641000FEF744FC814612E009688903E9E7096850
:106420008901E6E7C905E4E7FEF738FCA0EB0901BE
:1064300041F28830814202D90320BDE8F09F6168B3
:10644000DAF8000000F03800B0EBC10FECD1207892
:1064500080070AD5E068296801F00F01884204D25C
:10646000296821F00F0101432960D8F80010404647
:1064700001F00F01B9420BD9016821F00F01394336
:106480000160006800F00F00B84201D00120D4E79D
:10649000207840070AD52069296801F070018842F8
:1064A00004D2296821F07001014329602078000797
:1064B0000AD56069316801F07001884204D2316800
:1064C00021F07001014331602078C0060AD5A0692F
:1064D000316801F4E061884204D2316821F4E0615E
:1064E00001433160207880060CD5E1695846DBF81D
:1064F000002002F07002914204D2026822F0700281
:106500000A43026000F06CF80E492A682B68C2F357
:10651000032203F00F038A5CC95C02F01F0201F042
:106520001F01D040084A20FA01F1116007490860B4
:1065300007480068BDE8F05FFEF7E6BC00200052A7
:1065400018440258B4D600081C0000241800002487
:106550001000002430B500F043F80B4A0B490C4BF7
:1065600015681468C5F3032204F00F048A5C095D02
:1065700002F01F0201F01F01D040064A20FA01F18B
:1065800019601060084630BD18440258B4D600089F
:106590001C0000241800002400B5FFF7DBFF0549AC
:1065A0000968054AC1F30211515C01F01F01C8409E
:1065B00000BD00001C440258B4D6000800B5FFF727
:1065C000C9FF05490968054AC1F30221515C01F080
:1065D0001F01C84000BD00001C440258B4D600088A
:1065E000454970B545480968434B103B11F03802E6
:1065F00008D00111082A03D0102A0BD0182A0BD07A
:10660000084670BD19688906FBD51968C1F3C10138
:10661000C84070BD3A4870BD3749374D18310C1D20
:1066200024350A68096826682D6802F0030406F01C
:106630000102C1F30511C5F3CC0515FB02F200EE12
:10664000102AB8EE400AE9B32F4ADFED2E0AB7EE62
:10665000001A6CB1DFED2D1A012C01D0022C43D0B1
:1066600002EE101A1068F8EE422A81EEA22A1EE00D
:106670001C68A40611D51B6801EE901A1168C3F3BB
:10668000C103F8EE612AD84001EE900AC1F3080078
:10669000F8EE611A81EEA22A0BE001EE901ADFED0E
:1066A0001C2A00BFF8EE611A106882EEA12AC0F31E
:1066B000080001EE900AF8EE611A40EE201A31EE61
:1066C000810A00E015E022EE000A1068C0F34620BF
:1066D000401C00EE900AF8EE600A80EE201ABCEE34
:1066E000C10A10EE100A70BD01EE901ADFED092A02
:1066F000D8E7002070BD0000104402580090D0037D
:1067000040787D0100000039304402580024744A6A
:106710000024744C20BCBE4B2DE9F05F04007DD0FA
:10672000FF4F2078FE4D1837DFF8F493103DC00777
:1067300048D0D9F80000396800F03800102815D08A
:10674000182803D101F0030002280FD06068B0F5CB
:10675000803F12D010B1B0F5A02F18D0286820F4D7
:1067600080302860286820F4802009E028688003B1
:1067700028D560680028D2D024E0286840F4803012
:106780002860606888B1FEF789FA064609E0286843
:1067900040F480202860F0E7FEF780FA801B642830
:1067A0006FD828688003F7D50CE0FEF777FA064625
:1067B00005E000BFFEF772FA801B6428F0D8286855
:1067C0008003F7D4207841F20308D54E0C3E8007B1
:1067D00069D5D9F80000396810F038000ED01828B3
:1067E00001D188070AD0E06890B3296821F0190127
:1067F00001432960FEF752FA824631E028684007DB
:1068000002D5E06800288AD0E168286820F01900E5
:1068100008432860FEF742FA824607E0DFE000BF47
:10682000FEF73CFAA0EB0A000228B9D82868400716
:10683000F6D500BFFEF72CFA40451BD8206940284A
:1068400012D0316821F47C3141EA003030602AE016
:1068500018E000BFFEF722FAA0EB0A0002289FD83A
:1068600028684007F6D5E5E7306820F47C3040F42E
:106870000030EBE7207C316821F0FE4141EA006006
:10688000E4E70DE1286820F001002860FEF706FA31
:10689000824605E0FEF702FAA0EB0A0002288DD836
:1068A00028684007F6D42078C0065DD5D9F80000E6
:1068B000DFF86CB2396800F03800ABF1040B08283F
:1068C00010D0182803D101F0030001280AD0E06994
:1068D0000028286838D040F080002860FEF7DEF9F4
:1068E000824623E02868C00523D5E069802876D158
:1068F0001FE0206A202821D0316821F0F84141EAC8
:106900008060306030E000BF94F82010DBF8002099
:1069100022F07C5242EA0161CBF8001024E000BF73
:10692000FEF7BCF9A0EB0A00022898D82868C00539
:10693000F6D5FEF7ADF94045E6D8DAE7306820F045
:10694000F84040F08040DCE720F080002860FEF74F
:10695000A5F9064605E000BFFEF7A0F9801B022856
:106960009DD82868C005F7D42078000729D56C4841
:106970006169643000298046016811D041F001014D
:106980000160FEF78BF9064605E000BFFEF786F9C9
:10699000801B0228C9D8D8F800008007F6D510E07F
:1069A00021F001010160FEF779F9064605E000BF1C
:1069B000FEF774F9801B022872D8D8F8000080070F
:1069C000F6D42078800623D5A0690028286810D046
:1069D00040F480502860FEF761F9064605E036E194
:1069E000FEF75CF9801B02285AD828688004F7D586
:1069F0000EE020F480502860FEF750F9064604E0CF
:106A0000FEF74CF9801B02284AD828688004F7D486
:106A1000207840074FD5DFF80C81D8F8001041F4FA
:106A20008071C8F80010FEF739F9064605E000BF8E
:106A3000FEF734F9801B642832D8D8F80000C0056E
:106A4000F6D5374EA068603601280AD008B105286F
:106A500013D0306820F001003060306820F004006E
:106A600002E0306840F001003060A06841F2883AEE
:106A700090B1FEF713F980460AE0306840F0040058
:106A80003060EEE7FEF70AF9A0EB0801514507D8A0
:106A900030688007F6D50EE0FEF700F9804607E083
:106AA00084E000BFFEF7FAF8A0EB080151457DD85D
:106AB00030688007F6D4606AB0B3DFF86480D9F834
:106AC000001008F120084FF6F87B08F10409C1F323
:106AD000C2010329A8F1040A69D00228286820F01D
:106AE0008070286003D0FEF7D9F8044684E0FEF7F2
:106AF000D5F8064605E000BFFEF7D0F8801B022857
:106B000077D828688001F7D4E26A40F2F331386818
:106B100054F8283F884340EA02101843386004E0E4
:106B20001044025800480258B5E0217B43462289B0
:106B30004FF4FE0C208A4FF0FE474902267D521E7C
:106B4000401EA1F50071C2F308088AB2761E0CEA55
:106B5000004042EA08020243504607EA06610A433F
:106B60001A60DAF8002022F00102CAF80020D9F8F1
:106B70000020266A22EA0B0242EAC602C9F8002077
:106B8000DAF80010A26921F00C011143CAF80010D4
:106B90000168E26921F0020111430160016841F4DA
:106BA00080310160016841F4003101E021E027E01B
:106BB0000160016841F480210160016841F0010138
:106BC0000160286840F080702860FEF767F804468E
:106BD00005E000BFFEF762F8001B022809D828680C
:106BE0008001F7D557E000BFFEF758F8001B0228D8
:106BF00002D90320BDE8F09F28688001F4D44AE060
:106C000039680128D8F8000021D0A26A01F00303F6
:106C100093421CD1E26AC1F305118A4217D1216B5C
:106C2000C0F30802491E8A4211D1616BC0F34622AB
:106C3000491E91420BD1A16BC0F30642491E9142FD
:106C400005D1E16BC0F30660491E814201D00120ED
:106C5000D0E7A16C4E46D9F80000C0F3CC008142C9
:106C600019D0DAF80000554620F00100CAF80000FB
:106C7000FEF714F84FEA0007FEF710F8B842FBD011
:106C8000A26C306820EA0B0040EAC200306028683D
:106C900040F0010028600020ACE70000024A1368C1
:106CA00083430B431360704704040058401EB0F147
:106CB000807F10B501D3012010BD4FF0E02460614A
:106CC0000F21601704F07CFC0020A06107212161E6
:106CD00010BD7047704770472DE9F04390F83C2095
:106CE000012A42D0012280F83C2051F80C4BDFF8F9
:106CF00080804FF0000991E8680051E9022723F4F1
:106D00004073B1F80CC03B43CF6923F48063134355
:106D1000026823F40063234323F4805343EA05030A
:106D200023F4005343EA060323F4804343EA0703B2
:106D30000C3923F47023424543EA0C4302D00D4C36
:106D4000A2420CD18D8C23F47006D1E9073446EAB7
:106D5000055121F08071194321F0007323435364DE
:106D600080F83C900020BDE8F0830220FBE70000A3
:106D70000000014000040140F0B590F83C20012AD9
:106D80003BD01F4E012480F83C40022280F83D2079
:106D900002681C4D5368B242D2F808C001D0AA4222
:106DA00003D14F6823F470033B430F6823F0700353
:106DB0001F4357600268B24213D0B2F1804F10D027
:106DC000114B9A420DD0114B9A420AD0104B9A4265
:106DD00007D0AA4205D00F4B9A4202D00E4B9A42DE
:106DE00004D189682CF0800319439160002180F858
:106DF0003D4080F83C100846F0BD0220F0BD000088
:106E00000000014000040140000400400008004070
:106E1000000C0040001800400040014010B5040084
:106E200003D094F83D0010B107E0012010BD002010
:106E300084F83C00204600F023F8022084F83D004E
:106E40002068211D02F080FF012084F8480084F8AA
:106E50003E0084F83F0084F8400084F8410084F844
:106E6000420084F8430084F8440084F8450084F824
:106E7000460084F8470084F83D00002010BD000063
:106E800008B5016839483A4A814205D1106840F096
:106E900001001060106811E03648B1F1804F08D051
:106EA000354B99420ED1016841F002010160006842
:106EB0004DE0016841F001010160006800F001004F
:106EC000009008BD2D4B994207D1016841F00401A3
:106ED0000160006800F00400F2E7294B994207D1F5
:106EE000016841F008010160006800F00800E7E770
:106EF000244B99420ED1016841F0100101600068F5
:106F00000022114600F0100000903620FEF796F89F
:106F1000362010E01C4B994211D1016841F020014C
:106F2000016000680022114600F020000090372028
:106F3000FEF784F83720BDE80840FEF772B8134B1F
:106F4000994207D1106840F002001060106800F00C
:106F50000200B5E70E4A9142B3D1016841F0400109
:106F60000160006800F04000AAE700000000014056
:106F7000F0440258E8440258000400400008004071
:106F8000000C0040001000400014004000040140CC
:106F90000018004090F83D10012901D001207047F1
:106FA000174A022180F83D100168CB6843F00103C5
:106FB000CB600068904214D0B0F1804F11D01149DD
:106FC00088420ED0104988420BD01049884208D020
:106FD0000F49884205D00F49884202D00E498842A5
:106FE00007D181680D4A1140062906D0B1F5803FCE
:106FF00003D0016841F001010160002070470000EA
:10700000000001400004004000080040000C004067
:10701000000401400018004000400140070001004A
:1070200070B5044690F83C000025012814D03A4B76
:10703000012684F83C60022084F83D0022689068B4
:10704000184020F47F409060086870282FD010DC32
:1070500010F00F0F03D022E04FF0020070BD4FEA96
:107060002012072A1BD2DFE802F0535353534B3947
:107070004100B0F1101F4BD009DCB0F5805F0FD09C
:10708000B0F5005F1ED0B0F5801F08D140E0A0F53C
:10709000801120393CD010293AD0202938D0012540
:1070A00084F83D60002084F83C00284670BD4A68A2
:1070B0002068D1E9021302F0BAFE2068816841F02D
:1070C000770109E04A682068D1E9021302F0AFFEB7
:1070D0002068816841F480418160E1E7CA684968BD
:1070E000206803F051F82068502106E0CA6849681A
:1070F000206803F05AF82068602102F0A1FECFE773
:10710000CA684968206803F03FF820684021F4E726
:10711000226801461046F0E788FFCEFF70472DE950
:10712000F041044600680027C6680569A90713D521
:10713000B10711D5FA1E026101212177206880690B
:107140008007204602D0FFF7E9FF04E000F036F99F
:10715000204600F0F8F92777680716D5700714D590
:10716000226802206FF00401116120772068806995
:1071700010F4407F204602D0FFF7D0FF04E000F07B
:107180001DF9204600F0DFF92777280715D53007CD
:1071900013D5226804206FF0080111612077206860
:1071A000C0698007204602D0FFF7B8FF04E000F076
:1071B00005F9204600F0C7F92777E80616D5F0064E
:1071C00014D5226808206FF0100111612077206823
:1071D000C06910F4407F204602D0FFF79FFF04E013
:1071E00000F0ECF8204600F0AEF92777E80708D069
:1071F000F00706D021686FF001000861204600F01A
:107200002BFA280601D4A80408D5300606D5216833
:107210006FF4025008612046FFF75CFDE80508D5D1
:10722000300606D521686FF4807008612046FFF7AC
:1072300050FD680608D5700606D521686FF040003D
:107240000861204600F036FAA8060AD5B00608D52F
:1072500021686FF0200008612046BDE8F041FFF78B
:107260003ABDBDE8F081000070B586B00546142136
:107270006846F9F77BF82A68002446480225444905
:10728000012682420FD1086840F0100008600868AB
:10729000694600F0100005904FF4D44000903E483D
:1072A000CDE9015431E03D48B2F1804F0CD03C4B68
:1072B0009A4231D10A6842F002020A60096801F07C
:1072C0000201059130215CE00A6842F002020A6086
:1072D0000A6802F0020205920A6842F001020A609E
:1072E000096801F00101059140F608410091CDE9DE
:1072F0000154CDE903466946FDF7A2FB4FF4004077
:10730000009028486946CDE90154CDE9034600BF05
:10731000FDF796FB06B070BD234B9A420FD108686B
:1073200040F0080008600868694600F00800059011
:107330004FF4404000901D48CDE9015425E01C4B1E
:107340009A4212D1086840F00400086008680321DE
:1073500000F0040005904FF470700090CDE90154E6
:10736000CDE9034113486946D2E7134B9A42D1D184
:107370000A6842F002020A60096801F00201059100
:1073800019140091CDE901546946CDE90345BFE7E1
:10739000E044025800000140001002580004025866
:1073A000000400400000025800080040000C025891
:1073B000000401400008025800180040704770B5F2
:1073C000044690F83C0000260D4601280BD0012011
:1073D00084F83C000C2A4AD007DC82B1042A20D071
:1073E000082A06D131E0022070BD102A53D0142A99
:1073F00063D00126002084F83C00304670BD206830
:1074000002F028FD2068816941F00801816120684F
:10741000816921F00401816120682A698169114331
:1074200011E0206802F068FD2068816941F4006184
:1074300081612068816921F4806181612068296906
:10744000826942EA01218161D4E7206802F0A0FD4F
:107450002068C16941F00801C1612068C16921F05B
:107460000401C16120682A69C169114311E02068E3
:1074700002F0DAFD2068C16941F40061C161206851
:10748000C16921F48061C16120682969C26942EA49
:107490000121C161AEE7206802F002FE2068416D63
:1074A00041F0080141652068416D21F0040141650A
:1074B00020682A69416D114311E0206802F02AFE1C
:1074C0002068416D41F4006141652068416D21F4FF
:1074D0008061416520682969426D42EA0121416568
:1074E00088E710B5040003D094F83D0010B107E020
:1074F000012010BD002084F83C00204600F022F856
:10750000022084F83D002068211D02F01DFC0120AE
:1075100084F8480084F83E0084F83F0084F8400076
:1075200084F8410084F8420084F8430084F8440061
:1075300084F8450084F8460084F8470084F83D004C
:10754000002010BD7047704730B504464FF002026E
:1075500069B1042912D0082917D00C291CD0102990
:1075600021D094F84300012824D0012030BD94F8A4
:107570003E000128F9D184F83E201DE094F83F0038
:107580000128F2D184F83F2016E094F84000012849
:10759000EBD184F840200FE094F841000128E4D1B9
:1075A00084F8412008E094F842000128DDD184F8F5
:1075B000422001E084F843200122206802F02AFCE6
:1075C0001B4B20681B491C4A984209D0884207D0AF
:1075D000904205D0194DA84202D0194DA84203D1BE
:1075E000456C45F4004545642068984212D0B0F1DE
:1075F000804F0FD0134B98420CD0134B984209D0B8
:10760000124B984206D0884204D01149884201D0DA
:10761000904207D181680F4A1140062906D0B1F582
:10762000803F03D0016841F001010160002030BDBE
:1076300000000140000401400040014000440140BE
:10764000004801400004004000080040000C0040D9
:10765000001800400700010070B511490546006898
:10766000884213D10F4C00266068401C606060683F
:107670000A2802D902F060F96660FAF7C7F82068B4
:10768000401C206020680A2800D926600649286826
:10769000884204D1BDE8704004A002F04BBB70BD2D
:1076A00000140040240000240010004031306B68BA
:1076B0007A000000704730B590F88410012918D086
:1076C000012280F884202421C0F888100022202480
:1076D00001680B680D6823F0005325F001050D606B
:1076E000426601680B60C0F8884080F8842010462C
:1076F00030BD022030BD10B50446D0F88C002028E3
:1077000001D0022010BD61B15AB10123E36600200F
:107710002067204603F03EFB0028F3D1E16E0129EB
:1077200001D0012010BD226810211162226852E8A8
:10773000001F41F0100142E80013002BF6D110BDEC
:10774000064B02689A4207D1054A012391801370C3
:107750001A020449FFF7CFBF704700000010014034
:107760001C050024D82D0024704770B5044690F8FD
:10777000840001281DD0012284F884202420C4F82C
:10778000880020680568026822F001020260206813
:10779000826822F060620A438260204602F01EFD89
:1077A0002268202100201560C4F8881084F8840025
:1077B00070BD022070BD70B5044690F884000128A9
:1077C0001DD0012284F884202420C4F88800206879
:1077D0000568026822F0010202602068826822F0D7
:1077E00060420A438260204602F0F8FC22682021B1
:1077F00000201560C4F8881084F8840070BD022051
:1078000070BD7047704770472DE9F041076800254B
:10781000044640F60F030226F8693968BA68184230
:107820000AD183067ED501F0200302F0805C53EA82
:107830000C0377D0616F7EE1D44BDFF854C3134063
:1078400001EA0C0C53EA0C0C6CD05FEAC07C0CD043
:107850005FEAC15C09D54FF0010CC7F820C0D4F82D
:10786000907047F00107C4F89070870709D5D707D3
:1078700007D027683E62D4F8906046F00406C4F84A
:10788000906046070AD5D60708D0276804263E62CE
:10789000D4F8906046F00206C4F8906006070CD554
:1078A00001F020061E4308D0266808233362D4F86E
:1078B000903043F00803C4F8903003050BD54B011A
:1078C00009D526684FF400633362D4F8903043F052
:1078D0002003C4F89030D4F89030002B3DD08006BF
:1078E00009D501F0200002F08051084303D0616FF8
:1078F00009B1204688472168D4F890008968490674
:1079000002D410F0280F2AD0204602F0C3FD2068D0
:10791000806840061ED52068083050E8001F21F01E
:10792000400100E021E040E80012002AF3D1D4F841
:10793000800078B197490165D4F88000FBF7F4F92D
:1079400000280AD0D4F88000016D00E02046BDE890
:10795000F04108472046FFF756FFBDE8F08120467A
:10796000FFF751FFC4F89050F7E7D4F86CC020231C
:10797000BCF1010F7ED15FEAC06C7BD55FEAC16CC0
:1079800078D51020386220688068400673D5D4F816
:10799000802081491068884234D07F49183188425C
:1079A00030D07D49303188422CD07B4948318842E3
:1079B00028D079496031884224D07749783188428B
:1079C00020D07549903188421CD07349A831884233
:1079D00018D07249884215D070491831884211D0A8
:1079E0006E49303188420DD06C494831884209D007
:1079F0006A496031884205D068497831884201D0AF
:107A00006649903140684FF480770004000C40D004
:107A1000B4F85C1081423CD9A4F85E00D069B84249
:107A20002FD0216851E8000F20F4807041E8000257
:107A3000002AF6D12068083050E8001F21F001012B
:107A400040E80012002AF5D12068083050E8001FF5
:107A500021F0400140E80012002AF5D1C4F88C3032
:107A6000E566206850E8001F21F0100140E8001290
:107A7000002A01E04AE019E0F3D1D4F88000FAF7D7
:107A8000A3FF2667B4F85C00B4F85E10401A81B218
:107A900008E0B4F85C1081427FF466AFD069B84268
:107AA000FAD126672046FFF74BFE56E7B4F85C0094
:107AB000B4F85E10B4F85E20401A81B2002AF4D007
:107AC0000029F2D0226852E8000F20F4907042E8BA
:107AD0000007002FF6D1324F206800F1080050E86F
:107AE000002F02EA070240E8002CBCF1000FF3D19E
:107AF000C4F88C30E5666567226852E8000F20F014
:107B0000100042E80003002BF6D1CAE7C60209D5EF
:107B1000560207D54FF4801038622046BDE8F04188
:107B2000FFF770BE06060AD501F0800602F40002D7
:107B3000164304D0A16F00297FF408AF0DE7420679
:107B400011D54A060FD52046016851E8002F22F0D2
:107B5000400241E80024002CF6D1C0F88830856747
:107B600000F054FAF9E6020206D54A0004D5204690
:107B7000BDE8F041FFF745BEC00196D5002994DA73
:107B80002046BDE8F041FFF7EFBD00000100001006
:107B90002001000493A300081000024010040240DA
:107BA000FEFFFFEF10B5040003D0D4F8880010B139
:107BB00007E0012010BD002084F88400204600F07A
:107BC00027F82420C4F888002068016821F001010A
:107BD0000160A06A10B1204602F022FB204602F0AC
:107BE00003FF0128E6D02068416821F490414160FC
:107BF0002068816821F02A0181602068016841F0D5
:107C0000010101602046BDE8104002F06DBB00009C
:107C10002DE9F047B6B00546142130A8F8F7A6FBC9
:107C2000C0216846F8F7A2FB6F49022728680024A4
:107C30006C4E4FF4806988424FF007084FF0400ABD
:107C400063D100211E940220CDE900016846FDF7B2
:107C50007DFE08B1F9F780FE62480830016841F006
:107C600080410160006800F080403590306840F04D
:107C70001000306030684FF4C071309130A900F0CE
:107C80001000CDE931743394CDE934805748FCF7C6
:107C9000D7FE574E4F2157484F4686E81300C6E996
:107CA000034974613046B461F46134627462FBF775
:107CB000F1FC08B1F9F750FEDFF834815023C5F824
:107CC000806008F17808B56340464A4A3032C0E91E
:107CD0000347C8F81440C8F81840C8F81C40C8F852
:107CE000204088E80C04C8F82440FBF7D3FC08B116
:107CF000F9F732FE0022C5F87C8052201146C8F800
:107D00003850FDF79BF9522066E03B49884265D127
:107D100000201F940121CDE900106846FDF716FEF2
:107D200008B1F9F719FE2F481030016841F0100131
:107D30000160006800F010003590306840F00100EC
:107D4000306030684FF4C061CDE9301700F00100B9
:107D50000122CDE93227CDE93480284830A9FCF74B
:107D60006FFE234E292123484F46F036183086E80F
:107D70001300C6E9034974613046B461F4613462AA
:107D80007462FBF787FC08B1F9F7E6FDDFF8708055
:107D90002A23C5F880604046B563164AC0E9034708
:107DA000C8F814409032C8F81840C8F81C40C8F809
:107DB000204088E80C04C8F82440FBF76BFC08B1AD
:107DC000F9F7CAFD0022C5F87C8025201146C8F8C5
:107DD0003850FDF733F92520FDF723F936B0BDE81B
:107DE000F0870000E044025800780040001002587C
:107DF000BC0C002428000240001001400000025882
:107E0000240E002430B4D0F88C30202B02D0022075
:107E100030BC7047A9B1A2B10B4D00240368C46601
:107E2000AB420BD05B681B0208D5046854E8003FE6
:107E300043F0806344E80035002DF6D130BC02F0F9
:107E4000FDBF0120E4E70000000C005810B50068F9
:107E5000144988420CD1144964231448012200F0CB
:107E600030F8BDE81040104901221048FFF7CABFA2
:107E70000F49884202D10C48401C0DE00D49884250
:107E80000FD00D4988420CD1074901220B48891CAB
:107E9000FFF7B8FF0448801C0078BDE81040F9F7F0
:107EA0001BB810BD001001402C000024280C002439
:107EB00000480040000C005800780040940B00245B
:107EC00070472DE9F8430446D0F8880098461646D6
:107ED0000D46202802D00220BDE8F883A5B19EB14E
:107EE0000021C4F890102120C4F888001834FCF751
:107EF000D5FE814654F8100CA687E6872027183C4B
:107F0000B0F5805F02D003E00120E5E7206910B101
:107F10002E46002510E000260EE08021204603F0CA
:107F2000CEF8C0B9DEB116F8010B21688862B4F84A
:107F30005600401EA4F85600B4F856004B464FF0C9
:107F40000002CDF800800028E7D14FF04001204624
:107F500003F0B5F848B1C4F888700320BCE735F8E1
:107F6000020B2168C0F30800E0E7C4F88870002025
:107F7000B2E7000010B5D0F88830202B01D00220E5
:107F800010BD21B31AB3A0F854200023A0F8562046
:107F90004FF48054426E016521218367C0F8903010
:107FA000C0F88810B2F1005F816812D0A14201D1FF
:107FB000016909B311498167026852E8001F41F065
:107FC000800142E80013002BF6D1002010BD0120F3
:107FD00010BDA14201D1016961B109498167016800
:107FE000083151E8002F42F4000241E80023002B41
:107FF000F5D1EAE70349F1E70349DCE70BB00008F4
:1080000059B00008A1AF00084DAF0008704770B527
:108010000C4606460888F9F7FFFD050009D0287DC3
:1080200038B160886988884207D3218841F2050207
:1080300014E0218841F2040210E0A988814202D9AB
:10804000218802220AE0C0EB00106279E968800012
:1080500013188B4207D9218841F206023046BDE849
:10806000704001F063BBA9680844A11DF8F765F9E9
:108070006088401CA880FCF711FE2861E0E70EB57F
:10808000002909D108220191029101AB0146009219
:1080900001220320F9F796FD0EBD70B50D46064688
:1080A0000888F9F7B9FD040009D0207D38B1A0880F
:1080B0006188884207D0298841F207020BE02988AD
:1080C00041F2040207E0A06804F014F80020A06068
:1080D0002075042229883046BDE8704001F026BB97
:1080E0002DE9F041254F0D468046002000EB400170
:1080F00007EBC102127D42B137F831102A88914254
:1081000003D191B241F201022EE0401C0328EDDBC5
:108110005FF0000404EB440007EBC000007D30B1C9
:10812000641C032CF6DB298841F202021CE0601C6F
:10813000F9D06888C0EB00108600304604F0A6F83D
:10814000B8B104EB4401012207EBC1040021227500
:108150002A8822806A886280A180C4E90206FCF72E
:108160009DFD2061012229884046BDE8F04101F0D3
:10817000DDBA298841F20302F6E700009C0E0024D4
:1081800001290FD11078AA280CD1BFF34F8F0648D0
:10819000064A016801F4E06111430160BFF34F8FAB
:1081A00000BFFDE7704700000CED00E00400FA0599
:1081B0000C4C21680CA003F0F3F92068B0F1005FCB
:1081C00001D20EA00AE0B0F1804F01D215A005E067
:1081D000B0F1C04F01D21DA000E027A003F0E0F9EC
:1081E000FEE7000038ED00E0486172644661756C9E
:1081F000742061742030782530385800204861722E
:10820000644661756C745F48616E646C6572203A97
:10821000466C617368206163636573732065727275
:108220006F720A00486172644661756C745F4861E0
:108230006E646C6572203A5352414D2061636365F0
:108240007373206572726F720A0000004861726475
:108250004661756C745F48616E646C65723A506516
:10826000726970686572616C206163636573732005
:108270006572726F720A000045787465726E616C87
:10828000206D656D6F7279206572726F720A0000E1
:10829000034A0120062110700248816170470000E6
:1082A000AC12002440000024002804D0D0E90110C2
:1082B000814201D1012070470020704700280BD077
:1082C000D0E90121C368491CB1FBF3F003FB101096
:1082D000C0B2824201D101207047002070470000E7
:1082E000084B024600204FEA000110B533F8114058
:1082F000944201D1012010BD491C89B28029F5D3D7
:1083000010BD0000C4D600088068C0F3C0007047EC
:108310008068C0F3800070478068C0F380007047B9
:10832000C06810F4406F01D00020704701207047F2
:1083300070B5244C92B02278042A0FD10A88638841
:108340009A420BD10A79082A08D14A880021012AC9
:1083500006D0022A08D0042A00D1217012B070BDC4
:10836000E1800222227006E0E288521C92B2E28092
:10837000A588AA4204D212B0BDE8704001F0F4B959
:108380000322227004268DF80860ADF804300546FB
:1083900001A8ADF806108DF809104221F8F744FF46
:1083A0004421ADF84600002200910120294601AB8E
:1083B000F9F708FC0028D1D12670FCF76FFC20618A
:1083C000CCE70000E40E002470B50C4605464221BF
:1083D0002046F8F729FFB4F84210814207D02188DF
:1083E0002846BDE870404FF4805201F09FB92079D3
:1083F000012809D002280DD0042811D12146284691
:10840000BDE87040FFF749BE21462846BDE87040F0
:10841000FFF766BE21462846BDE87040FFF7F7BD6E
:1084200070BD0000074A00214FEA010000EB400345
:10843000401C02EBC303032819759960F6DB024860
:10844000017070479C0E002420000024044818216D
:1084500010B5F7F78BFF02490020087010BD00002F
:10846000E40E0024704770477047000030B58BB0B1
:10847000002468461C21079408940994F7F776FFB6
:108480006A480822684B01210325C0E90034846052
:108490000E23C0E9031204754175836104774462B9
:1084A000C0E90A450463446380F83840C163FAF7C1
:1084B00045F808B1F9F750FA5C4807A90794F9F7AD
:1084C00071FD08B1F9F748FA0DF10C0C40F2FF729A
:1084D0000423574806218CE81C008DE823005348EC
:1084E00069468DF81940F9F7F1FD08B1F9F734FA4A
:1084F0000C215048CDE900014C486946F9F7E6FDEA
:1085000008B1F9F729FA12214B48CDE90001474893
:108510006946F9F7DBFD08B1F9F71EFA182147485B
:10852000CDE9000141486946F9F7D0FD08B1F9F7F6
:1085300013FA4FF480714248CDE900013B48694687
:10854000F9F7C4FD08B1F9F707FA4FF483713D4814
:10855000CDE9000135486946F9F7B8FD08B1F9F7EA
:10856000FBF94FF486713848CDE900012F48694680
:10857000F9F7ACFD08B1F9F7EFF94FF48971334819
:10858000CDE9000129486946F9F7A0FD08B1F9F7DE
:10859000E3F94FF48C712E48CDE900012348694678
:1085A000F9F794FD08B1F9F7D7F94FF400712948AC
:1085B000CDE900011D486946F9F788FD08B1F9F7D2
:1085C000CBF940F206212448CDE90001174869465D
:1085D000F9F77CFD08B1F9F7BFF94FF403711F48B3
:1085E000CDE9000111486946F9F770FD08B1F9F7C6
:1085F000B3F940F212211A48CDE900010B4869464F
:10860000F9F764FD08B1F9F7A7F94FF406711548B9
:10861000CDE9000105486946F9F758FD002801D069
:10862000F9F79AF90BB030BD00200240A4050024F0
:1086300000002143000052470040C03A0080F03E55
:108640000000844B0000B84F0800900C8000501DC3
:108650001000C010000180210002B0252000F0149D
:108660000004002A0008302E70B588B01C2168462E
:10867000F7F77CFE1F4800241D490125042602222D
:1086800040F8081B032180E8700004734573026101
:108690000475C461C0E908418462C46280F8304056
:1086A00045631448F9F74AFF08B1F9F755F901ABEA
:1086B0000095062040F2FF720721CDE9046483E8AB
:1086C00007000C4869468DF81940F9F7FFFC08B11E
:1086D000F9F742F90C210848CDE90001054869463F
:1086E000F9F7F4FC002801D0F9F736F908B070BDAD
:1086F0000060025880060024020030041D4808B5BE
:10870000016841F00101016000680022114600F09B
:10871000010000900B20FCF791FC0B20FCF781FC82
:1087200000220C201146FCF789FC0C20FCF779FC98
:1087300000220D201146FCF781FC0D20FCF771FC96
:1087400000220E201146FCF779FC0E20FCF769FC94
:1087500000220F201146FCF771FC0F20FCF761FC92
:1087600000222F201146FCF769FCBDE808402F20AD
:10877000FCF757BCD844025870B52C488AB0FBF7B8
:10878000B5FB2A4800242A4E01250A2110238460C3
:10879000042206601426C46005744474847446611F
:1087A0000826C0E90651056245628562C562C0E9D6
:1087B0000C548463C0E90F13C0E91123C0E91326E8
:1087C000C0E91521C0E91715C0E91942FBF7FEFD04
:1087D00008B1F9F7C1F84FF0804040F223120221AE
:1087E000CDE90104CDE90315104801A9CDE905241F
:1087F000FBF724FB002816D102220C480023114667
:108800000094FBF75AFB0948FBF7E9FF00280AD15F
:10881000064800220121FBF799FA044800224FF490
:108820000071FBF793FA0AB070BD0000A80700249E
:1088300000A000402DE9F04F87B014216846F7F7FB
:1088400095FD5E48016841F010010160016801F08A
:1088500010010591016841F004010160016801F017
:1088600004010591016841F080010160016801F097
:1088700080010591016841F001010160016801F08A
:1088800001010591016841F002010160016801F0F8
:1088900002010591016841F00801016000680022B1
:1088A00041F27B4100F0080005904548FCF7EBF9E8
:1088B000DFF810914FF44046002231464846FCF75D
:1088C000E2F9DFF804A14FF4304700223946504660
:1088D000FCF7D9F94FF4C0683C4800224146FCF748
:1088E000D2F9DFF8ECB000224FF4C8515846FCF73B
:1088F000CAF9002441F259400090012530486946E8
:10890000CDE901540394FCF79BF820206946CDE99A
:1089100000052B48CDE90254FCF792F8CDE900653B
:10892000CDE9025469464846FCF78AF8E8036946EF
:10893000CDE9000422480294FCF782F800976946CA
:10894000CDE9015450460394FCF77AF8CDF8008045
:108950006946CDE901541D480394FCF771F82802DB
:108960006946CDE90005CDE902455846FCF768F8AF
:10897000F0100090CDE90154694658460394FCF785
:108980005FF8FC206946CDE9000410480294FCF72A
:1089900057F880206946CDE9000450460294FCF760
:1089A0004FF802206946CDE90005CDE902500448A0
:1089B000FCF746F807B0BDE8F08F0000E04402582D
:1089C000001002580008025800040258000C025817
:1089D000000002581348002110B5114C0123124A1F
:1089E0000460C0E90121C0E9033141618161C161D5
:1089F0000162FCF7AFF908B1F8F7AEFF09480021B2
:108A0000FCF752F908B1F8F7A7FF06480021FCF778
:108A100077F9002803D0BDE81040F8F79DBF10BDDE
:108A2000001C005848080024B17570300C48002123
:108A300010B50122094CFF23C0E90221C0E904213D
:108A40008161C1610162C0E90043FCF753FB00286A
:108A500003D0BDE81040F8F77FBF10BD00500052B2
:108A60009C08002410B58EB000241C21009407A897
:108A7000019402940394049405940694F7F776FC09
:108A80001F4841F63F711D4B8022C0E90034C0E908
:108A9000024104618261FEF7C1F908B1F8F75CFF99
:108AA0004FF48050009016486946FEF7B9FA08B1B5
:108AB000F8F752FF1248FEF714FD08B1F8F74CFF23
:108AC0000F4804A904940694FEF756F908B1F8F784
:108AD00043FF07AA60204FF47A6182E81300084838
:108AE000002207A90B94FEF76AFC08B1F8F734FFDF
:108AF0000348FEF7B9FB0EB010BD0000001800409F
:108B0000480B002410B59AB000241C21009407A83B
:108B1000019402940394049405940694F7F726FCB8
:108B20002C210EA8F7F722FC374841F63F72354951
:108B30008023C0E90014C0E902420461C0E9054392
:108B4000FEF76CF908B1F8F707FF4FF4805000907A
:108B50002D486946FEF764FA08B1F8F7FDFE2A4889
:108B6000FEF7BFFC08B1F8F7F7FE274804A9049404
:108B700005940694FEF700F908B1F8F7EDFE07AA90
:108B80006020C82182E813001F48002207A90A9428
:108B90000B940C940D94FEF712FC08B1F8F7DCFE70
:108BA0001948042207A9FEF70AFC08B1F8F7D4FE19
:108BB0001548082207A9FEF702FC08B1F8F7CCFE19
:108BC00011480C2207A9FEF7FAFB08B1F8F7C4FE1A
:108BD0004FF400500E940F9401031094CDE912400D
:108BE00011941494CDE9154107480EA917941894CF
:108BF000FEF772F808B1F8F7AFFE0348FEF734FB52
:108C00001AB010BD00000140E808002410B58EB075
:108C100000241C21009407A8019402940394049456
:108C200005940694F7F7A2FB2A4841F63F714FF0EE
:108C300080438022C0E90034C0E9024104618261BE
:108C4000FEF7ECF808B1F8F787FE4FF4805000907B
:108C500020486946FEF7E4F908B1F8F77DFE1D48A3
:108C6000FEF73FFC08B1F8F777FE1A4804A9049410
:108C70000694FEF781F808B1F8F76EFE07AA6020A7
:108C8000C82182E813001348002207A90B94FEF7BD
:108C900096FB08B1F8F760FE0E48042207A9FEF71C
:108CA0008EFB08B1F8F758FE0A48082207A9FEF71C
:108CB00086FB08B1F8F750FE06480C2207A9FEF71C
:108CC0007EFB08B1F8F748FE0248FEF7CDFA0EB079
:108CD00010BD00003409002410B58EB000241C2102
:108CE000009407A8019402940394049405940694B4
:108CF000F7F73CFB234841F63F71214B8022C0E946
:108D00000034C0E9024104618261FEF787F808B1CE
:108D1000F8F722FE4FF4805000901A486946FEF79B
:108D20007FF908B1F8F718FE1648FEF7DAFB08B12C
:108D3000F8F712FE134804A904940694FEF71CF8F1
:108D400008B1F8F709FE07AA6020C82182E81300DD
:108D50000C48002207A90B94FEF731FB08B1F8F785
:108D6000FBFD0848042207A90894FEF728FB08B178
:108D7000F8F7F2FD0348FEF777FA0EB010BD0000D9
:108D8000000400408009002410B58EB000241C218E
:108D9000009407A801940294039404940594069403
:108DA000F7F7E4FA234841F63F71214B8022C0E9EE
:108DB0000034C0E9024104618261FEF72FF808B176
:108DC000F8F7CAFD4FF4805000901A486946FEF744
:108DD00027F908B1F8F7C0FD1648FEF782FB08B185
:108DE000F8F7BAFD134804A904940694FDF7C4FFEC
:108DF00008B1F8F7B1FD07AA6020C82182E8130086
:108E00000C48082207A90B94FEF7D9FA08B1F8F725
:108E1000A3FD08480C2207A90894FEF7D0FA08B170
:108E2000F8F79AFD0348FEF71FFA0EB010BD0000D8
:108E300000080040CC09002410B588B01648002472
:108E40001449621E009401940294039404940594BE
:108E50000694C0E90014C0E9024204618461FDF790
:108E6000DDFF08B1F8F778FD4FF4805000900A4814
:108E70006946FEF7D5F808B1F8F76EFD064804A973
:108E800004940694FDF778FF002801D0F8F764FDFC
:108E900008B010BD000C0040180A00243EB512486E
:108EA000002440F6B7320F4D07230094019480212F
:108EB00002948161C0E90242C0E90053FDF7AEFFB0
:108EC00008B1F8F749FD0848694600940294FDF797
:108ED00053FF08B1F8F740FD022201213620FCF7CC
:108EE000ADF83EBD00100040640A00243EB51348B2
:108EF000002440F2E73242F27F5300948021019433
:108F0000029481610C4DC0E90242C0E90053FDF7B3
:108F100085FF08B1F8F720FD0848694600940294DF
:108F2000FDF72AFF08B1F8F717FD02223720114696
:108F3000FCF784F83EBD000000140040B00A002495
:108F400010B59AB000241C21009407A80194029443
:108F50000394049405940694F7F708FA2C210EA8BC
:108F6000F7F704FA374841F63F7235498023C0E9E4
:108F70000014C0E902420461C0E90543FDF74EFF59
:108F800008B1F8F7E9FC4FF4805000902D4869468D
:108F9000FEF746F808B1F8F7DFFC2A48FEF7A1FA19
:108FA00008B1F8F7D9FC274804A90494059406945D
:108FB000FDF7E2FE08B1F8F7CFFC07AA6020C82150
:108FC00082E813001F48002207A90A940B940C940E
:108FD0000D94FEF7F4F908B1F8F7BEFC1948042225
:108FE00007A9FEF7ECF908B1F8F7B6FC1548082216
:108FF00007A9FEF7E4F908B1F8F7AEFC11480C2216
:1090000007A9FEF7DCF908B1F8F7A6FC4FF4005009
:109010000E940F9401031094CDE91240119414940E
:10902000CDE9154107480EA917941894FDF754FE91
:1090300008B1F8F791FC0348FEF716F91AB010BD15
:1090400000040140FC0A00241848002110B5164C09
:109050000C224FF4E1330460C0E90131C160C0E982
:1090600004128161C161016241628162FEF79AFD71
:1090700008B1F8F771FC0D480021FEF79CFB08B120
:10908000F8F76AFC09480021FEF76FFB08B1F8F712
:1090900063FC0648FEF70FFB002803D0BDE8104034
:1090A000F8F75ABC10BD000000780040940B002473
:1090B0001848002110B5164C0C224FF4E13304601F
:1090C000C0E90131C160C0E904128161C16101627E
:1090D00041628162FEF766FD08B1F8F73DFC0D487C
:1090E0000021FEF768FB08B1F8F736FC09480021BB
:1090F000FEF73BFB08B1F8F72FFC0648FEF7DBFA5A
:10910000002803D0BDE81040F8F726BC10BD0000D1
:1091100000100140280C0024FEE700002DE9F0417A
:109120000446408844F220014FF6FF728842A0EBCB
:10913000010168D004DC702865DD802863D104E07B
:10914000B22960DA70295ED104E0A08802EA40000A
:10915000E08058E0A3880020304D314902EA430204
:10916000E2806880A880E8800A88EAB32A8822F032
:1091700001022A80088004F108012888F7F77FFFA0
:1091800006466888A1190831F7F779FF304486B29E
:10919000A888A1190831F7F772FF304486B2E88831
:1091A000A1190831F7F76BFF304486B22889A1195D
:1091B0000831F7F764FF304486B26889A119083195
:1091C000F7F75DFF304487B20026E11905EB460052
:1091D00008318089F7F753FF761CB6B2384487B25E
:1091E000082EF2D3E11900E010E0A88B0831C0F39B
:1091F0000720F7F744FF38442A7F80B2211808314E
:10920000D0B2F7F73CFF0020BDE8F08101200880D4
:10921000288840F001002880ADE70000BC1400243D
:109220005C00002430B5A1B00446002568468421C6
:10923000F7F79CF8608844F23001884209DAB0F50B
:10924000804F06DA052804D10021491C89B204297F
:10925000FBD3E58021B0012030BDFEE770477047A9
:109260007047000010B5044602F020F804EB4401FA
:109270001F48C1EB44119FED1D0A00EB81002049FE
:109280009FED1C1A80ED010ADFED1B0A80ED020A3A
:1092900080ED061AC0ED070A80ED080A00F12402ED
:1092A0009FED163AF7EE002AF1EE043A82EC030A3B
:1092B000183AB2EE042AF6EE001AC2EC032A81ED47
:1092C000001A80ED0C0A80ED0D0A80ED0E2AC0ED2B
:1092D0000F1AC0ED101AC0ED130A80ED140A80EDCC
:1092E000121A00F1540181EC030A10BD00000000C5
:1092F000782000240000484300803B45CDCCCC3D85
:10930000C4040024704770B5B0B0C0216846F7F7B8
:109310002DF8022000234FF4002200920C24CDE906
:109320000130C025CDE9034029932026CDE906056B
:10933000CDE9086305906846FCF708FB002801D0DA
:1093400072B6FEE730B070BDF0B41C461546022878
:109350000E46049B10D007DC00280DD1224629467A
:109360003046F0BCFEF70CBF032805D12246294643
:109370003046F0BCFEF783BEF0BC70472DE9F041EB
:10938000984616460F460446069D08E0681C06D01F
:10939000FBF784FCA0EB0800A8420AD84DB1206876
:1093A0008068384000D00120B042EFD10020BDE8F5
:1093B000F081042084F84100606C40F0010060649A
:1093C0000120F4E770B514000E4605460DD063B1D8
:1093D0005EB105FB06F118462361F6F7C7FF26804C
:1093E00000206060C4E9020570BD012070BD10B5A9
:1093F00004000B4603D013B1FEF756FF08B101205D
:1094000010BD22886168206901FB02011846F6F749
:1094100094FF6068E168401CB0FBF1F201FB1200B0
:109420006060002010BD70B504000D4603D015B17A
:10943000FEF744FF08B1012070BD2288A1682069B1
:1094400001FB02002946F6F778FFD4E90201401C2F
:10945000B0FBF1F201FB1200A060002070BD000023
:109460002DE9F047454D044689464FF0000A28682B
:10947000C04380070AD0414E283E306820F080600B
:109480003060FBF70BFC0746B04608E00120BDE862
:10949000F08700BFFBF702FCC01B022867D8D8F892
:1094A00000000001F6D4206829684FF4FE0721F47B
:1094B0007C313E0241EA00302860207AA389B4F86A
:1094C00004C040022D4D2D495B1E227CACF1010CE5
:1094D0001035091DA0F5007080B2521ECCF3080CA7
:1094E00007EA034340EA0C00184306EA026210430D
:1094F00028600868626920F0C000104308600A68AC
:10950000A06922F0200202430A60281D0A6822F0A6
:1095100010020A6002684FF6F873E4699A4342EA5F
:10952000C40202600868B9F1000F40F010020A603E
:1095300011D00868B9F1010F11D040F40010086093
:10954000D8F80000444640F08060C8F80000FBF7FF
:10955000A5FB05460DE0086840F40020EFE740F465
:109560008010ECE7FBF79AFB401B022801D903208F
:109570008DE720680001F5D5504688E72844025859
:109580002DE9F047454D044689464FF0000A28680A
:10959000C04380070AD0414E283E306820F08050FA
:1095A0003060FBF77BFB0746B04608E00120BDE8D2
:1095B000F08700BFFBF772FBC01B022867D8D8F802
:1095C00000008000F6D4208829684FF4FE0721F0BF
:1095D0007C713E0241EA00502860207AA389B4F8E9
:1095E00004C040022D4D2D495B1E227CACF1010CC4
:1095F0001835091DA0F5007080B2521ECCF3080C7E
:1096000007EA034340EA0C00184306EA02621043EB
:1096100028600868626920F44060104308600A68A6
:10962000A06922F4007202430A60281D0A6822F42D
:1096300080720A6002684FF6F873E4699A4342EA5E
:10964000C40202600868B9F1000F40F480720A6039
:1096500011D00868B9F1010F11D040F08070086096
:10966000D8F80000444640F08050C8F80000FBF7EE
:1096700015FB05460DE0086840F48000EFE740F474
:109680000000ECE7FBF70AFB401B022801D903208E
:109690008DE720688000F5D5504688E728440258B9
:1096A00010B5FEF7F5FD14484FF4D871F6F75EFEDD
:1096B00012484FF4DC71F6F759FE12491048486021
:1096C00014210D481438F6F751FE0F4B012180206C
:1096D000A3F20C52FFF776FE07480849143800F24F
:1096E0008C4300F5D872C1F8B4011021BDE81040D8
:1096F0000120FFF767BE0000440F0024F41000248F
:10970000D50D0008400000243C14002470470000E0
:1097100005480188491C01800188C82903D3C82154
:10972000018000F0EBB870473004002410B592B00F
:109730000446082300208DF80830ADF804104221BB
:10974000ADF806208DF8090001A8F7F76DFD44215A
:10975000ADF84600002200910120214601ABF8F748
:1097600031FA12B010BD000030B51C4C93B0054664
:1097700002208DF808003C226088ADF80400E088E3
:10978000ADF80600C0EB00108300E06803F13C0177
:10979000884201D2C01AC2B28DF80920A068C1184F
:1097A0000DF10A00F6F7C9FD422101A8F7F73CFDCB
:1097B0004421ADF84600002200910120294601AB6A
:1097C000F8F700FA10B1022013B030BD0420207069
:1097D000FBF764FA20610020F6E70000E40E0024A5
:1097E00010B5104C0200A188206810D0012A0FD0BB
:1097F000022A13D0032A13D15FF00102FBF743FAC8
:10980000A18B0122A069BDE81040FBF73CBA002201
:10981000FBF739FAA18B0022A069F4E70022EDE7FB
:1098200010BD00006C00002410291AD2DFE801F0FE
:10983000080A0C0E10121416080A0C0E1012141638
:1098400001210CE002210AE0042108E0082106E0E1
:10985000102104E0202102E0402100E0802102F0FC
:10986000FFBB7047002813480ED0F0EE080A9FEDAA
:10987000120A80ED000A80ED010AC0ED020AC0ED77
:10988000030AB0EE600A7047D0ED030AC0ED020A89
:1098900090ED001A80ED011A80ED000A90ED050AA6
:1098A000D0ED041A20EE010A01EEA00A80ED030AB1
:1098B000704700007C0400240000000070B50D4CCF
:1098C0004FF480614FF4007560B1012810D100227F
:1098D0002046FBF7D8F9012229462046BDE8704012
:1098E000FBF7D1B901222046FBF7CDF90022F3E7BF
:1098F00070BD0000000C0258FBF7D0BA0C48802164
:1099000010B5FBF7B3F9012810D10A49002000BFB8
:10991000431C00EBC00202EB001001EB8002D8B246
:10992000536C102843F004035364F1D310BD0000BE
:10993000000402583816002402484FF44041FBF757
:109940009AB900000008025870B59CB04C216846D6
:10995000F6F70CFD202113A8F6F708FD0220FBF70F
:109960009FFB214800242149026842F440420260E2
:1099700002680A6842F001020A60096801F0010108
:109980001B9101688904FCD50DF1280C08250220E3
:1099900009900523C0268CE84900CDE90D05C203D6
:1099A0000F9001216846CDE91054CDE900121294C0
:1099B000FCF7B2FE08B172B6FEE740201A903F21D4
:1099C0000301CDE916500322CDE9180313AB13A808
:1099D00083E816000421FCF78FFC002801D072B642
:1099E000FEE71CB070BD0000184802582C04005857
:1099F0003348F0B5334A016841F4700101601068E2
:109A000000F00F00072804D2106820F00F00C01DDE
:109A100010602D4900202C4C10340B682B4D43F066
:109A200001030B6020600B682B400B60136803F090
:109A30000F03072B04D9136823F00F03DB1D1360FA
:109A4000214C234A1834234B261D371D20601E4C01
:109A5000214D28343060261D3860371D23603B1DA2
:109A600035601C1D3A60251D2E1D1860331D2260B7
:109A70002860326018600A68134B184C22F4802268
:109A800060330A60186020686FF30F00B0F1005F68
:109A900003D213490120C1F808010B48D4300168F2
:109AA000C9040BD4026843F2D2010E4B42F4805237
:109AB00002601960016821F480510160F0BD00006E
:109AC00088ED00E000200052004402587FEDF6EAE5
:109AD00080020101000202020000FF010010005C90
:109AE00000800051004000522DE9F05FDFF8F8B12E
:109AF00000247E4F4FF00108DFF8F4A1DFF8F49165
:109B00002DED028BB7EE008AF1EE048A04EBC4005F
:109B100000EB041007EB8005686C08B1A5F84880DD
:109B2000B5F848000C2825D2DFE800F006060D2520
:109B3000D4D499D4D4D4D46A686C00281AD16E498C
:109B40000220C98A59E02046FFF78CFB2046FAF72D
:109B5000D1F80020FFF7B2FE0321A5F8481000203D
:109B6000A8870146204602F06DFC01222146022012
:109B7000FFF75AFEAEE004EB4401C1EB44110AEBDF
:109B80008106304686ED108A95ED070A86ED0C0AAF
:109B900002F0D4FBB0EE0C0A86ED050A95ED000A42
:109BA000304686ED010A02F00DFC96ED0B0AD6ED6B
:109BB000170AB4EEE00AF1EE10FA02D8BCEEC00AC1
:109BC00001E0BCEEE00AC4EBC40209EBC20110EEF6
:109BD000100A0881C4EBC40209EBC200474A80F8AE
:109BE000148095ED000A10EE100A904272DB0122FB
:109BF00021460020FFF718FE0620A5F8480069E07E
:109C00009AED030A9FED3E1B5046B7EEC00A30EEB8
:109C1000010BB7EEC00B10EE101A8AED030A59457E
:109C200001DBC0ED038A90ED041A9FED370BB7EE10
:109C3000C11A31EE000BB7EEC00B10EE101A80ED1A
:109C4000040AB1F17E5F01DB8AED048A304897EDAA
:109C5000000A90ED010A0020FFF704FE3AE004EB51
:109C60004401C1EB44119FED2B0A0AEB81063046FB
:109C700086ED050A95ED040A86ED010A02F0A2FBC5
:109C800096ED100ADFED240A30EE200A10EE100ADD
:109C900086ED100A584501DBC6ED108A95ED070ADE
:109CA000304686ED0C0A02F049FBD6ED0B0A96ED24
:109CB000170AF4EEC00AF1EE10FA02D2BCEEE00A86
:109CC00001E0BCEEC00AC4EBC40209EBC20110EE15
:109CD000100A0881641CA4B2102CFFF417AFBDEC6D
:109CE000028BBDE8F09F00000000A0403816002461
:109CF00078200024781C00241C160024000040401A
:109D00009A9999999999B93F7B14AE47E17A843F22
:109D1000F415002466668640ACC527370148FDF778
:109D2000FEB90000640A00240148FDF7F8B90000FC
:109D3000B00A002410B5FFF7EBFCFFF7D5FEBDE835
:109D4000104001F015BA00002DE9F047294B4FF003
:109D5000804A294D02689842284E294F294C09D043
:109D6000504507D0A84205D0B04203D0B84201D038
:109D7000A04205D1D1F804C022F070024CEA0202E0
:109D8000DFF884C0DFF884809842DFF884900FD039
:109D900050450DD0A8420BD0B04209D0B84207D0F0
:109DA000A04205D0604503D0404501D0484503D1CD
:109DB000CD6822F440722A438E684D6922F08002F9
:109DC000C6620E682A439842866207D0A04205D038
:109DD000604503D0404501D0484501D10969016380
:109DE0000368012143F00403036041610260BDE8A0
:109DF000F08700000000014000040040000800401F
:109E0000000C0040000401400040014000440140BB
:109E10000048014010B5046A012301F01F018B4086
:109E20009C4304628A40016A1143016210BD42EA08
:109E3000032283680A4323F47F410A438260704708
:109E4000034B82681A400A4342F007018160704761
:109E50008FFFCFFF2DE9F04FDFF88480214EDFF830
:109E60008890DFF888B0026A036AB042DFF880A009
:109E700022F0020C1F4F23F0010202624268856942
:109E80008B680C6805EA080525F0030543EA0C0316
:109E900044EA050407D0484505D0584503D050454D
:109EA00001D0B84205D1CD6823F008031D4325F049
:109EB0000403B04207D0484505D0584503D050456B
:109EC00001D0B84205D122F44076D1E9055235439C
:109ED0002A4342608461496841630362BDE8F08FB0
:109EE0008FFFFEFF000001400004014000400140E0
:109EF0000044014000480140F0B5DFF87CE01F4C11
:109F00001F4D026A036AA04222F0200623F01003CC
:109F1000036242688369D1F808C00F6803EA0E0340
:109F200023F4407E46EA0C134EEA072601D0A842ED
:109F300006D1CF6823F0800343EA071323F04003E0
:109F4000A0420AD0A84208D00E4CA04205D00E4C28
:109F5000A04202D00D4CA04207D1D1E9054522F420
:109F6000406242EA840242EA8502426086614968B0
:109F700081630362F0BD0000FF8FFFFE000001401F
:109F800000040140004001400044014000480140FD
:109F9000F0B5DFF87CE01F4D1F4E026A036AA8424D
:109FA00022F4007723F4807303624368C269D1F816
:109FB00008C002EA0E020C6822F0030E47EA0C22E7
:109FC00044EA0E0401D0B04206D1CF6822F4006208
:109FD00042EA072222F48062A8420AD0B04208D0A6
:109FE0000E4DA84205D00E4DA84202D00D4DA842FC
:109FF00007D1D1E9055623F4405343EA051343EA58
:10A0000006134360C4614968C1630262F0BD000089
:10A010008FFFFEFF000001400004014000400140AE
:10A020000044014000480140F0B5046A026A22F48D
:10A03000805202624268C36924F40054DFF848C0C9
:10A040008E680D6803EA0C03104F23F4407344EA52
:10A050000634B84243EA05230BD00D4DA84208D080
:10A060000C4DA84205D00C4DA84202D00B4DA84281
:10A0700004D14D6922F4804242EA85124260C361F4
:10A08000496801640462F0BDFF8FFFFE00000140DB
:10A0900000040140004001400044014000480140EC
:10A0A000F0B5164F164B026A046A984222F4003546
:10A0B00024F4803303624268436D0E890C6803EA1E
:10A0C000070344EA030445EA06430BD00D4DA842BA
:10A0D00008D00D4DA84205D00C4DA84202D00C4D21
:10A0E000A84204D14D6922F4803242EA052242603E
:10A0F0004465496881650362F0BD00008FFFFEFF83
:10A1000000000140000401400040014000440140C3
:10A1100000480140F0B5164F164B026A046A984297
:10A1200024F48013036222F400144268436D0E8904
:10A130000D6803EA070344EA065443EA05230BD0FB
:10A140000D4DA84208D00D4DA84205D00C4DA84297
:10A1500002D00C4DA84204D14D6922F4802242EA7B
:10A160008522426043654968C1650462F0BD000014
:10A17000FF8FFFFE0000014000040140004001404D
:10A18000004401400048014010B5036A046A23F00E
:10A190000A0324F00104046284690B4324F0F001F3
:10A1A00041EA02118161036210BD10B5036A046ABD
:10A1B00023F0A00324F010040462846943EA01112F
:10A1C00024F4704343EA02328261016210BD000050
:10A1D0000148FDF719BB0000940B002430B5416E17
:10A1E000B9B101680D4B03F108048A688968C2F3AC
:10A1F0004262490F5D5C615C2D01B5FBF1F1A0F895
:10A200006A10995CA25C0901B1FBF2F1A0F8681038
:10A2100030BD0121A0F86A10F8E70000A4D60008BC
:10A2200090F82810090706D50168836B4A6822F464
:10A2300000421A434A6090F82810C90706D0016806
:10A24000C36A4A6822F400321A434A6090F8281020
:10A25000890706D50168036B4A6822F480321A43E5
:10A260004A6090F82810490706D50168436B4A6890
:10A2700022F480221A434A6090F82810C90606D5B5
:10A280000168C36B8A6822F480521A438A6090F88E
:10A290002810890606D50168036C8A6822F40052EA
:10A2A0001A438A6090F82810490611D50168436C5A
:10A2B0004A6822F480121A434A60416CB1F5801F4B
:10A2C00006D10168836C4A6822F4C0021A434A60CE
:10A2D00090F82810090606D50168C26C486820F479
:10A2E00000201043486070472DE9F84300250446DC
:10A2F000C0F89050FAF7D2FC8046206820266FF014
:10A300007E470068000713D50022434631042046EB
:10A31000009700F0D4FE58B1216851E8000F20F0FA
:10A32000800041E80002002AF6D1C4F8886021E0EC
:10A3300020680068400722D5002243464FF4800180
:10A340002046009700F0BBFEC8B1206850E8001F0F
:10A3500021F4907140E80012002AF6D120680830FC
:10A3600050E8001F21F0010140E80012002AF5D159
:10A37000C4F88C60032084F88450BDE8F883C4F8E6
:10A380008860C4F88C60E5662567002084F88450F6
:10A39000F3E710B5806B0021A0F85E10FDF733FAEB
:10A3A00010BD70B5846B00252168D4F88800D4F8FE
:10A3B0008C608968090606D5212804D1A4F8565076
:10A3C000204600F091F820688068400606D5222ECD
:10A3D00004D1A4F85E50204600F05CF8D4F8900058
:10A3E00040F01000C4F890002046FDF70CFA70BD54
:10A3F00010B5C1690022806BB1F5807F2DD0A0F827
:10A400005E20036853E8001F21F4807143E80014C4
:10A41000002CF6D10168083151E8003F23F0010318
:10A4200041E80034002CF5D10168083151E8003FC3
:10A4300023F0400341E80034002CF5D12021C0F87E
:10A440008C10C16E012908D1016851E8003F23F04A
:10A45000100341E80034002CF6D10267C16E0129D7
:10A4600002D0FDF7F3FC10BDB0F85C10FDF768F901
:10A4700010BD10B5806B01210167C16E012902D0AA
:10A48000FDF71EFD10BDB0F85C104908FDF758F946
:10A4900010BD000010B5026852E8001F21F4907151
:10A4A00042E80013002BF6D10E4B0268083252E846
:10A4B000001F194042E80014002CF6D1C16E01299A
:10A4C00008D1026852E8001F21F0100142E8001391
:10A4D000002BF6D100212022C0F88C20C1664167F4
:10A4E00010BD0000FEFFFFEF026852E8001F21F0E0
:10A4F000C00142E80013002BF6D10168083151E891
:10A50000002F22F4000241E80023002BF5D1202186
:10A51000C0F888107047000010B5D0F88C10B0F863
:10A5200060202229016804D0886940F00800886111
:10A5300010BD496A836D11401980816D891C816548
:10A54000B0F85E10491EA0F85E10B0F85E10002949
:10A55000EED1016851E8002F22F4907241E8002307
:10A56000002BF6D10168083151E8002F22F00102DA
:10A5700041E80023002BF5D1184B0021026820246C
:10A58000C0F88C40416701679A420BD052681202B2
:10A5900008D5036853E8002F22F0806243E80024C6
:10A5A000002CF6D1C26E012A02D0FDF74FFC10BD7F
:10A5B000C166026852E8001F21F0100142E8001352
:10A5C000002BF6D10168CA69D243D20601D4102209
:10A5D0000A62B0F85C10FDF7B3F810BD000C00582B
:10A5E0002DE9F04704460068C569D0F800A0D0F80E
:10A5F0000890D4F88C10B4F86060222905D08169E5
:10A6000041F008018161BDE8F087B4F868704FF04F
:10A61000000844E02068A16D406A30400880A06DC9
:10A62000801CA065B4F85E00401EA4F85E0020689F
:10A63000C569690730D0E9070AD05FEACA5107D572
:10A6400001210162D4F8900040F00100C4F89000AC
:10A65000A8070BD55FEAC97008D0216802200862FC
:10A66000D4F8900040F00400C4F8900068070BD5BF
:10A670005FEAC97008D0216804200862D4F890000D
:10A6800040F00200C4F89000D4F8900020B12046B9
:10A69000FDF7B9F8C4F89080B4F85E0000B30FB1CC
:10A6A000A806B7D4B4F85E000028ACD0B4F868109F
:10A6B0008142A8D92068083050E8001F21F080515D
:10A6C00040E80012002AF5D12A486067216851E865
:10A6D000000F40F0200041E80002002AF6D192E786
:10A6E000216851E8000F20F4807041E80002002A40
:10A6F000F6D1214A2068083050E8001F114040E898
:10A700000013002BF6D11D4A202321684046C4F8CF
:10A710008C30C4F87480C4F8708091420BD04968C2
:10A72000090208D5226852E8001F21F0806142E842
:10A730000013002BF6D1E16E012903D02046FDF76E
:10A7400085FBAFE7E066216851E8000F20F01000BC
:10A7500041E80002002AF6D12068C169C943C90650
:10A7600001D410210162B4F85C102046FCF7E8FF28
:10A7700098E7000019A50008FEFFFFEF000C005845
:10A7800010B5D0F88C10B0F860202229016804D0F0
:10A79000886940F00800886110BD496A836D1140E6
:10A7A0001970816D491C8165B0F85E10491EA0F8D2
:10A7B0005E10B0F85E100029EED1026852E8001F6A
:10A7C00021F4907142E80013002BF6D101680831A2
:10A7D00051E8002F22F0010241E80023002BF5D1BF
:10A7E000184B002102682024C0F88C4041670167A3
:10A7F0009A420BD05268120208D5026852E8003F14
:10A8000023F0806342E80034002CF6D1C26E012AA6
:10A8100002D0FDF71BFB10BDC166026852E8001FA5
:10A8200021F0100142E80013002BF6D10168CA693B
:10A83000D243D20601D410220A62B0F85C10FCF7B1
:10A840007FFF10BD000C00582DE9F047044600685A
:10A85000C569D0F800A0D0F80890D4F88C10B4F8EE
:10A860006060222905D0816941F008018161BDE85D
:10A87000F087B4F868704FF0000844E02068A16DDC
:10A88000406A30400870A06D401CA065B4F85E00BE
:10A89000401EA4F85E002068C569690730D0E9074A
:10A8A0000AD05FEACA5107D501210162D4F89000AD
:10A8B00040F00100C4F89000A8070BD55FEAC9700A
:10A8C00008D0216802200862D4F8900040F004000B
:10A8D000C4F8900068070BD55FEAC97008D02168FA
:10A8E00004200862D4F8900040F00200C4F8900000
:10A8F000D4F8900020B12046FCF785FFC4F8908082
:10A90000B4F85E0000B30FB1A806B7D4B4F85E0087
:10A910000028ACD0B4F868108142A8D9206808306B
:10A9200050E8001F21F0805140E80012002AF5D1C4
:10A930002A486067206850E8001F41F0200140E885
:10A940000012002AF6D192E7216851E8000F20F4A6
:10A95000807041E80002002AF6D1214A20680830C0
:10A9600050E8001F114040E80013002BF6D11D4AAB
:10A97000202321684046C4F88C30C4F87480C4F8A1
:10A98000708091420BD04968090208D5226852E8CC
:10A99000001F21F0806142E80013002BF6D1E16E28
:10A9A000012903D02046FDF751FAAFE7E0662068A1
:10A9B00050E8001F21F0100140E80012002AF6D1F3
:10A9C0002068C169C943C90601D410210162B4F8E5
:10A9D0005C102046FCF7B4FE98E7000081A7000851
:10A9E000FEFFFFEF000C00582DE9F043044680689D
:10A9F000D84E87B0D84B2168D4E90427D4F81CC0BE
:10AA000010430A68002547EA0C07384332400243E6
:10AA10000A602068E268416821F4405111434160B6
:10AA20002268A1699A4201D0206A01439768DFF841
:10AA30002CC3CB4ECB4807EA0C070F439760216825
:10AA4000676ACA6A22F00F023A43CA622268B242B7
:10AA50000ED1006800F03800182873D047DCB8B376
:10AA6000082879D010286FD178E028287ED17BE0A3
:10AA7000BD498A4209D1006800F00700062875D256
:10AA8000DFE800F0546A6C6E7072B8498A4209D1EE
:10AA9000006800F00700062868D2DFE800F0475D94
:10AAA0005F616365B2498A4209D1006800F007001E
:10AAB00006285BD2DFE800F03A5052545658AD49B0
:10AAC0008A420BD1006800F0070006284ED200E051
:10AAD00010E0DFE800F02B4143454749A6498A4290
:10AAE0000AD1006800F03800182839D0B7DD2028D6
:10AAF000BBD13CE001203AE0A0498A4209D100687C
:10AB000000F00700062831D2DFE800F01026282ADE
:10AB10002C2E9B498A420BD1006800F007000628C2
:10AB200024D2DFE800F003191B1D1F2100201EE0C6
:10AB30009A421BD18B48001D006800F007000628D0
:10AB400014D202E00CE007E010E0DFE800F00305BB
:10AB500007090B0D02200AE0042008E0082006E0A7
:10AB6000102004E0202002E0402000E08020854901
:10AB7000DFF814829A42854A4FF400434FEA2117C6
:10AB80004FF000064ED110281AD006DC022809D05A
:10AB900004280BD008287CD10DE020283ED0402886
:10ABA00077D13DE0FAF774FB014610E06846FAF70A
:10ABB00025FC01990BE003A8FAF7C2FC049906E012
:10ABC0001068800605D51068C0F3C100C140002997
:10ABD00070D0606A676838F8102007EB4703B1FB54
:10ABE000F2F0834255D8B0EB073F52D80023084615
:10ABF0001946F5F771FB02467808130E120243EA74
:10AC0000012110183A4671410023F5F765FB604AAF
:10AC1000A0F5407191423CD821688FE03946D8E7D1
:10AC20001946D6E7D4F81CC04FF6EF799C4546D1BB
:10AC3000082819D005DC58B101280CD0042875D19A
:10AC40000DE0102815D0202835D040286ED134E0F2
:10AC5000FBF7A2FC01E0FBF7B1FC014610E06846FF
:10AC6000FAF7CCFB01990BE003A8FAF769FC049909
:10AC700006E01068800604D51068C0F3C100C1402A
:10AC8000C1B1636A606838F81330B1FBF3F1490071
:10AC900000E04BE001EB5001B1FBF0F0A0F110013E
:10ACA000494543D84FF6F0732168C0F3420218407B
:10ACB000104343E043E03946E3E71946E1E708285B
:10ACC00019D005DC58B101280CD004282ED10DE094
:10ACD000102815D020282BD0402827D12AE0FBF7B8
:10ACE0005BFC01E0FBF76AFC014610E06846FAF7FE
:10ACF00085FB01990BE003A8FAF722FC049906E012
:10AD00001068800604D51068C0F3C100C140B1B11D
:10AD1000636A606838F81330B1FBF3F101EB50015E
:10AD2000B1FBF0F0A0F11001494505D9012506E07D
:10AD30003946EDE71946EBE7216880B2C86001208B
:10AD4000A4F86A00A4F8680028466667A66707B0FA
:10AD5000BDE8F083F369FFCF000C0058FFF4FF114A
:10AD60000010014054440258004400400048004094
:10AD7000004C0040005000400014014000780040AA
:10AD8000007C00400090D0038CD60008004402589C
:10AD9000FFFC0F0070B50446D0F880000023222588
:10ADA000A165A4F85C20C4F89030C4F88C50F0B1D0
:10ADB0001F49C163D4F880101E480864D4F880107D
:10ADC0001D48C864D4F8800003651346A56D21684A
:10ADD000D4F880002A462431F8F73EFE38B110211D
:10ADE000C4F890102020C4F88C00012070BD2069A8
:10ADF00040B1216851E8000F40F4807041E8000242
:10AE0000002AF6D12068083050E8001F41F0010107
:10AE100040E80012002AF5D12068083050E8001FF1
:10AE200041F0400140E80012002AF5D1002070BD39
:10AE3000F1A3000873A40008A3A3000870B58368F9
:10AE4000002481654FF48056A0F85C20B342A0F83E
:10AE50005E204FF0FF01446704D1036903BB40F259
:10AE6000FF111DE04FF07F05C3B1B3F1805F1AD031
:10AE7000A0F860402221C0F89040C0F88C10016812
:10AE8000083151E8003F43F0010341E80034002C51
:10AE9000F5D1416EB1F1005F0CD02FE0036933B9F9
:10AEA000A0F86010E6E7016909B13F21F8E7A0F8D2
:10AEB0006050DFE7B0F8681091421FD88168B14256
:10AEC00001D10169B9B11D490269416742B1026806
:10AED00052E8001F41F4807142E80013002BF6D1C4
:10AEE0000168083151E8002F42F0805241E8002308
:10AEF000002BF5D120E012494167F1E78168B142AA
:10AF000001D1016969B10F49026941675AB101680C
:10AF100051E8002F42F4907241E80023002BF6D153
:10AF20000AE009494167026852E8001F41F0200128
:10AF300042E80013002BF6D1002070BD49A800089C
:10AF4000E1A5000881A7000819A50008D0F888101D
:10AF5000212910D1B0F8561071B1016D026809882D
:10AF6000C1F308019162016D891C0165B0F85610AA
:10AF7000491EA0F856107047026852E8001F21F0E1
:10AF8000800142E80013002BF6D1026852E8001F4E
:10AF900041F0400142E80013002BF6D17047000059
:10AFA000D0F8881021291BD1B0F86A1016E000BF34
:10AFB000B0F85620AAB10268D3691B060CD5036D00
:10AFC0001B88C3F308039362026D921C0265B0F8FC
:10AFD0005620521EA0F85620491E89B20029E7D1FA
:10AFE00070470168083151E8002F22F4000241E85F
:10AFF0000023002BF5D1026852E8001F41F0400108
:10B0000042E80013002BF6D17047D0F888102129B0
:10B010000ED1B0F8561061B1016D026809789162E5
:10B02000016D491C0165B0F85610491EA0F8561074
:10B030007047026852E8001F21F0800142E80013C7
:10B04000002BF6D1026852E8001F41F0400142E8AF
:10B050000013002BF6D17047D0F88810212919D1A0
:10B06000B0F86A1014E000BFB0F856209AB1026838
:10B07000D3691B060AD5036D1B789362026D521CBF
:10B080000265B0F85620521EA0F85620491E89B21B
:10B090000029E9D170470168083151E8002F22F4F6
:10B0A000000241E80023002BF5D1026852E8001F9E
:10B0B00041F0400142E80013002BF6D170472DE922
:10B0C000F047994617460D460446089E4FF0000883
:10B0D00033E0701C31D0F9F7E1FDA0EB0900B0427C
:10B0E00018D8BEB120680168490726D5802D24D024
:10B0F000402D22D0C169C94309070DD40825056236
:10B100002046FFF7C7F9C4F89050012084F88480E6
:10B11000BDE8F0870320FBE7C069C04300050CD4FD
:10B1200021684FF4006008622046FFF7B3F9202140
:10B13000C4F8901084F88480ECE72068C06935EA90
:10B14000000004D00020B842C3D00020E0E7012076
:10B15000F9E700000148FCF757BB0000280C002469
:10B160000A4601460148FCF705BF0000280C0024F0
:10B17000F0B5474A5FF00001464C474D474EDFF8B7
:10B1800020E1484BC1EBC10002EBC0000789B0F8D9
:10B1900010C0674501D3078A07810789B0F812C03C
:10B1A000674501D8478A078110296DD2DFE801F091
:10B1B000080C12181E242A30363C424951585F664A
:10B1C00010892768012149E03148B0F84000022188
:10B1D00027684AE02E48B0F87800032127684BE042
:10B1E0002B48B0F8B0000421276830E02848B0F8B8
:10B1F000E80005212F6831E02548B0F8200106213C
:10B200002F6832E02248B0F8580107212F6833E058
:10B210001F48B0F8900108212F6818E01C48B0F8CA
:10B22000C8010921376819E01948B0F800020A215D
:10B2300037681AE01648B0F838020B21DEF80070C3
:10B240001AE01348B0F870020C21DEF80070386480
:10B2500098E70F48B0F8A8020D211F68786391E7BE
:10B260000B48B0F8E0020E211F68B8638AE708486F
:10B27000B0F818030F211F68F86383E70448B0F89B
:10B28000500319680864F0BD491C1029E0D3F0BDD3
:10B29000781C0024E80800243409002480090024D4
:10B2A000CC090024FC0A0024FEE7000010B5204C65
:10B2B000204804F1140394ED000A03F1140180ED19
:10B2C000080A94ED010AA0F2547280ED090A94ED87
:10B2D000020A80ED0A0A93ED000A80ED0B0A93ED55
:10B2E000010A80ED0C0A93ED020A80ED0D0A91ED42
:10B2F000000A80ED040A91ED010A80ED050A91ED46
:10B30000020A80ED060A91ED030A80ED070A92ED2C
:10B31000000A80ED000A92ED010A80ED010A92ED2B
:10B32000020A80ED020A92ED030A80ED030A10BDC5
:10B33000C8040024B82700242DE9FE43854C94F866
:10B340002110802916D2844B012221780025A3F1F7
:10B350000C06062936D2DFE801F0030E1A1C23275B
:10B360007E4984F8A2000978884201D1227000E069
:10B3700025707570E0E0187084F8A300FCF7B0FF4A
:10B3800018B12078401C2070D6E02570D4E003214D
:10B3900007E058707048F5F7E7FCA4F8A400F0E760
:10B3A000052118702170C7E058706B48F5F7DCFC78
:10B3B000A4F8A60094F8A3100429E2D1B0F5007F08
:10B3C000E3D2DEE773786BB9727094F8A330102B78
:10B3D00002D0A4F8A85005E0B4F8A63002EB43026E
:10B3E000A4F8A8205B4F052907F1AA070CD3B4F8ED
:10B3F000B011C85584F821502078401C2070B4F852
:10B40000B001401CA4F8B001B4F8A800B4F8B01121
:10B41000801C884271D1207805286ED3ADF8005089
:10B420002320029080214B4822308046F4F79EFF73
:10B43000BDF8000094F8A220411CADF80010204493
:10B4400080F82220BDF8000094F8A320411CADF83C
:10B450000010204480F82220BDF80010B4F8A400A9
:10B4600021442231F5F710FEBDF800100844ADF874
:10B470000000BDF800002118B4F8A6002231F5F74D
:10B4800003FEBDF800100844ADF80000ADF804500C
:10B4900012E000BFBDF804002118BDF8000091F8CB
:10B4A000AA20411C2044ADF8001080F82220BDF8ED
:10B4B0000400401CADF80400BDF80400B4F8A81066
:10B4C0008142E7D888B23844F5F74EFCA4F8AE01C3
:10B4D000BDF80010404600F00FFF1E4F4FF4887873
:10B4E0000290B4F8AE11A237814228D002461CA0C7
:10B4F00000F056F8ADF804500FE01DE0BDF8040070
:10B50000BDF80420204490F822101CA000F048F858
:10B51000BDF80400401CADF80400BDF80400BDF8FF
:10B5200000108842EAD300BF84F8215041462570BC
:10B5300038467570F4F71AFF0120BDE8FE83706885
:10B540000028F1D013A000F02BF871683846884726
:10B55000EAE70000F41000244C000024AC120024A0
:10B560000D0A4352433136486F6E73743D25584D72
:10B5700043553D255820200D0A200000200D0A5279
:10B58000585F7061636B20255820256420200D0AC8
:10B59000000000000D0A206F6B20636D640D0A002F
:10B5A0000FB4054B10B503A9044A029800F0EAF85D
:10B5B00010BC5DF814FB0000E1C000087C0500240D
:10B5C000090700284FEA116104DB00F1E02080F850
:10B5D0000014704700F00F0000F1E02080F8141D07
:10B5E000704702E008C8121F08C1002AFAD170474C
:10B5F0007047002001E001C1121F002AFBD17047F3
:10B600002DE9FF5F82B00021DDE90430020DDDF895
:10B6100040B0034318D044F61050A2F2FF32424328
:10B620001514119801281FD0A5EB0B00401C5FEAF0
:10B63000000A4FF000064E4FDFF83891B0465046F2
:10B6400015D5CAF1000413E0119801244AA301287A
:10B6500001D16FEA0B010298119AC0E90031C0E9EB
:10B66000024206B0BDE8F09FCBF10000DFE70446E0
:10B670000021404A491842EB0450CDE9001012E085
:10B68000E00707D032463B4640464946F4F779FF8B
:10B690008046894632463B4610461946F4F771FF0C
:10B6A00006460F466410002CEAD1DDE90401DDE90D
:10B6B0000023BAF1000F06DAF4F763FF42464B4667
:10B6C000F4F75FFF05E0F4F7CEFF42464B46F4F790
:10B6D000CAFF04460E460022284BF5F74BF803D864
:10B6E0004FF0FF30014607E00022254B204631464F
:10B6F000F4F7A0FEF5F726F8102409E0002C0ADB89
:10B700000A220023F4F7E8FD039B30321A55641E29
:10B7100050EA0102F2D1641C039AC4F111031444EB
:10B72000119A012A03D0012208430DD10AE00843EF
:10B7300004D000204FF0110B119072E7A3EB0B0522
:10B740006D1E0DE05B4504DD4FF0000205F10105C3
:10B7500004E003DA4FF00002A5F10105002AECD065
:10B7600002981199C0E90231C0E9004579E700006B
:10B77000000014400000F03F300000000000F043E3
:10B780000000E03F2DE9FF4F95B09B4689460646F5
:10B7900000250FE2252877D100242746F84A012109
:10B7A000059400E0044316F8013F203B01FA03F042
:10B7B0001042F7D130782A2811D06FF02F0330785B
:10B7C000A0F13002092A16D8059A44F0020402EBCF
:10B7D000820203EB42021044761C0590EFE759F811
:10B7E000042B0592002A03DA504244F400540590D9
:10B7F00044F00204761C30782E2816D116F8010F7A
:10B8000044F004042A280DD06FF02F023078A0F104
:10B810003003092B09D807EB870302EB4303C71852
:10B82000761CF3E759F8047B761C30786C280FD02F
:10B8300006DC4C2817D068280DD06A2814D104E003
:10B84000742810D07A280FD10DE044F400140AE0D7
:10B8500044F4801401E044F440147278824202D12E
:10B8600004F58014761C761C307866280BD013DC27
:10B87000582877D009DC002875D04528F6D046280E
:10B88000F4D047281AD19DE118E0632835D0642808
:10B8900079D0652812D195E1702873D008DC67282B
:10B8A000F1D069286FD06E280DD06F2806D1B5E091
:10B8B00073282CD0752875D0782874D05A461799DB
:10B8C00090476D1C75E1C4F30250022809D003288B
:10B8D0000DD0D9F8001004280DD00D6009F104092D
:10B8E00067E1D9F80010EA17C1E90052F6E7D9F884
:10B8F00000100D80F2E70D70F0E719F8041B8DF8C9
:10B90000001000208DF80100EA46012003E059F8FC
:10B9100004AB4FF0FF3061074FF0000102D40DE09F
:10B9200008F101018846B9420FDA8045F8DB1AF8C0
:10B9300008100029F4D108E008F10101884681428D
:10B94000FADB1AF808100029F6D105985B46A0EB3F
:10B95000080721463846179A00F094FA284400EB6D
:10B96000080507E04DE029E10DE01AF8010B5A4601
:10B9700017999047B8F10108F7D25B46214638463F
:10B98000179A13E142E00A220092C4F302524FF0E8
:10B99000000A022A08D059F804CB032A4FEAEC71B6
:10B9A0000AD00DE029E02AE009F1070121F00702A1
:10B9B000F2E802C1914609E00FFA8CFC4FEAEC7103
:10B9C000042A03D14FFA8CFC4FEAEC71002907DA04
:10B9D0000A460021DCF1000C61EB02012D2202E09D
:10B9E000220504D52B228DF80420012203E0E20772
:10B9F00001D02022F7E7904659E00A2102E0102208
:10BA00000DE010214FF0000A00910BE010224FF0E2
:10BA1000000A44F004040827009203E008224FF0D3
:10BA2000000A0092C4F30252022A05D059F804CB4E
:10BA30000021032A08D009E009F1070121F00702DB
:10BA4000F2E802C1914605E01FFA8CFC042A01D1FC
:10BA50000CF0FF0C4FF00008220728D5702806D004
:10BA6000009B83F0100353EA0A0305D00EE0402246
:10BA70008DF80420012208E05CEA010206D03022A1
:10BA80008DF804208DF8050002229046009B83F07B
:10BA9000080353EA0A030AD15CEA010201D16207F2
:10BAA00005D530228DF804204FF001087F1E58285C
:10BAB00004D034A003900EA802900DE036A0F9E760
:10BAC00053466046009AF4F707FC84460398825C6C
:10BAD0000298401E029002705CEA0100F0D10298C8
:10BAE00006A9081A00F1200A600702D524F4803460
:10BAF00000E00127574502DDA7EB0A0000E0002027
:10BB000000EB0A01009005984144401A0590E003BB
:10BB100006D45B462146179A059800F0B3F9054410
:10BB2000002706E001A85A46C05D179990476D1C92
:10BB30007F1C4745F6DBE0030CD55B462146179A90
:10BB4000059800F09FF9054404E030205A46179903
:10BB500090476D1C0099481E00900029F5DC08E014
:10BB6000029802995A460078491C02911799904709
:10BB70006D1CBAF10001AAF1010AF1DC65E10000D7
:10BB800009280100303132333435363738396162B3
:10BB90006364656600000000303132333435363777
:10BBA00038394142434445460000000000F058F94E
:10BBB0000544761C307800287FF4ECAD19B0284697
:10BBC000BDE8F08F620700D4062709F1070222F0D2
:10BBD000070CFCE80223E14603F000485FEA080C8A
:10BBE00002D00FF2702C0DE05FEA045C02D50FF278
:10BBF000682C07E05FEAC47C02D00FF2602C01E001
:10BC0000AFF2700C4FF0FF3823F00043CDF850C076
:10BC100065280CD006DC452809D046281DD04728C9
:10BC20003DD13DE0662818D067287ED138E000215C
:10BC3000112F01DB112000E0781CCDE9000106A9DD
:10BC40000EA8FFF7DDFCDDE90F010E9A039100213C
:10BC5000009207F1010A04914DE04FF00040009777
:10BC6000CDE9011006A90EA8FFF7CAFCDDE90F0215
:10BC700003920E9B11990022DDF80CA00093049210
:10BC800011B9791C00EB010AB7EB0A0004D4C0F12A
:10BC9000FF3007F1010A0490AAEB0700019044E08D
:10BCA000012F00DA01270021112F01DD112000E012
:10BCB0003846CDE9000106A90EA8FFF7A1FCDDE991
:10BCC0000F010E9A0391002104910092BA462107B8
:10BCD0000CD40399514500DA8A46BAF1010F05DD0B
:10BCE000009AAAF10101515C302908D0B84202DA69
:10BCF00010F1040F06DA0121CDE9011015E0AAF1D7
:10BD00000101E9E7002805DC049901440491AAEB4C
:10BD1000000102E0411C514500DD8A460499401AA9
:10BD2000401C01904FF000400290200704D401987D
:10BD3000504501DBCDF8048000208DF84F000298BB
:10BD40000DF14F07B0F1004F25D02B200E90029837
:10BD50004FF0020800280CDA404202902D200E908D
:10BD600007E00A210298F4F730FB3031029007F81F
:10BD7000011DB8F10001A8F10108F2DC02980028C9
:10BD8000EFD1791E0E980870307800F0200040F056
:10BD9000450007F8020D12A8C01B00F1070814980F
:10BDA000007800B1012000EB0A01019801EBE0717D
:10BDB00005984144401A401E0590E00306D45B46B6
:10BDC0002146179A059800F05DF80544149800780C
:10BDD00018B15A46179990476D1CE00324D55B466D
:10BDE0002146179A059800F04DF805441CE0049888
:10BDF000002807DBDDE90301884203DD0098405C91
:10BE0000179901E0179930205A469047049805F198
:10BE10000105401C04900198401E019004D12E2081
:10BE20005A46179990476D1CBAF10001AAF1010A10
:10BE3000DDDC05E017F8010B5A46179990476D1C99
:10BE4000B8F10001A8F10108F4DC5B462146179A1D
:10BE50000598ABE62D0000002B000000200000003C
:10BE60002DE9F041044600251E461746880404D4F7
:10BE700005E039462020B0476D1C641EF9D52846E0
:10BE8000BDE8F0812DE9F041044600251E469046AC
:10BE9000C80301D5302700E02027880404D505E039
:10BEA00041463846B0476D1C641EF9D52846BDE8AA
:10BEB000F08110B5044600F09DFD2146BDE810401C
:10BEC00001F032B803480021416001608160C16027
:10BED000018270471C0F00247FB5174E5FF00004ED
:10BEE00004EBC40000EB041006EB8005B5F8482015
:10BEF00012A02146FFF754FB95ED000A15A021463C
:10BF0000B7EEC00A8DED020B95ED070AB7EEC00A39
:10BF10008DED000B95ED040AB7EEC00A53EC102B23
:10BF2000FFF73EFB6A6C17A02146FFF739FB641C44
:10BF3000102CD5D37FBD0000381600240D0A2063D5
:10BF4000683D5B25645D20776F726B4D6F64653D66
:10BF5000256420002063683D5B25645D20766F6C5E
:10BF6000746167653D25662063757272656E743D08
:10BF70002566204361705F766F6C746167653D254F
:10BF8000660D0A002063683D5B25645D206661756F
:10BF90006C743D30782558200D0A000070B50E4DA8
:10BFA0005FF00004C4F10300285C00F027F8641C73
:10BFB000042CF7D3094D4FF4807400222146284603
:10BFC000F8F761FE642000F00BF821462846BDE832
:10BFD00070400122F8F757BE3400002400000258D8
:10BFE00000E000BF401EFCD2704700000248002164
:10BFF0000160FFF7D3BF0000340000242DE9F047B3
:10C00000164E00244FF4805907464FF400654FF058
:10C01000800800BF28FA04F0384201D0012200E075
:10C02000002249463046F8F72EFE6420FFF7D8FF7D
:10C03000002229463046F8F726FE6420FFF7D0FF9D
:10C04000012229463046F8F71EFE6420FFF7C8FF9C
:10C05000641CE4B2082CDDD3BDE8F0870000025870
:10C060002DE9F04104284FF0000302D3581EBDE82B
:10C07000F0810B4F012602F0010500BF06FA03F222
:10C080000A4206D03C5C05FA03FC944344EA0C04E3
:10C090003C545B1C082BF1D3FFF780FF0020E6E740
:10C0A000340000240D4B70B54FF0804540F223164C
:10C0B0000024AA12C3E902411946C3E904429C6163
:10C0C0000246DC6101F14C001C62C3E90065F7F730
:10C0D00081FE002800D0012070BD00005C07002414
:10C0E0000349CA695206FCD5C2B28A627047000091
:10C0F0000010014010B5002821D0114B0022001F74
:10C10000196803E0814203D80A4649680029F9D139
:10C1100052B11368841A9C4204D10068184410601C
:10C12000104602E0506000E0186039B102680B1A56
:10C13000934203D10B681A4402604968416010BD04
:10C140008005002486B00024009401940294039496
:10C15000F8F728FF01208DF80C001F218DF808103A
:10C1600087228DF809208DF80D008DF800006846B3
:10C170008DF80A408DF80E408DF8014001948DF83D
:10C180000B408DF80F40F8F7DFFE0420F8F718FF9A
:10C19000F8F78CFEFDF7D8FBFDF7B5F80320F8F7AC
:10C1A0006DFFFCF747FBFCF7A9FAFCF7ABFCFCF7CB
:10C1B0007FFFFCF791FDFCF759F9FCF7DDFAFCF77E
:10C1C00025FDFCF7BDFEFCF74FFAFCF72FFCFCF752
:10C1D000DBFDFCF739FFFCF7FDFBFCF72DFEFCF760
:10C1E0005DFEFCF73FFCFCF781FEF4F73BFFF5F743
:10C1F0001DFB1EA0FDF754FAF4F7BAFD40F2FF74E0
:10C200001C4800212246F5F77FFEF4F717FD1A4877
:10C2100000212246F5F778FEF4F770FB17A1042001
:10C220000022096804AB0491214600900F20F5F725
:10C23000C9FCF4F7F3FFFCF709F9FCF7F3F8104831
:10C24000FCF710F90F48FCF70FF90F48FCF70BF952
:10C2500001F0BAF9F4F72CFFF5F7C2FAF4F70AFE89
:10C26000F4F7F4FC00F02CF9F8E70000436D645497
:10C2700061736B00A405002480060024AA550123E5
:10C280005F9200085D92000861920008F0B50B30E3
:10C29000154D20F007010024144A0FE003688B427B
:10C2A0000BD38B4205D95E1A43184768C3E9006770
:10C2B00000E04368136002C004E0021D106800281B
:10C2C000ECD12046002802D1286808B10020F0BD3A
:10C2D000064A07481060074A121A22F00702C0E90E
:10C2E000002401202860D7E784050024800500246D
:10C2F0006C31002468490024F0B500254FF6FF7228
:10C300002E464AF201072B460EE0C45C6240002430
:10C310005FEAC27C02D087EA520200E05208641C45
:10C32000082CF5DB5B1C9BB28B42EED3D0B245EA06
:10C33000122146EA00200843F0BD000090ED100AEB
:10C34000D0ED0C0A1B4A30EE600A10EE101A80ED98
:10C350000D0A914201DB9FED180A184A10EE101ADF
:10C3600080ED0D0A914201D39FED150A90ED121A4E
:10C37000D0ED0F0AD0ED0E3A90ED133A00EE801A90
:10C38000D0ED162A90ED142AD0ED151A80ED0D0A85
:10C39000F0EE410A43EE800A81FE430AC0FEE20A43
:10C3A00080FE020AC0FEA10A80ED120AC0ED170A43
:10C3B000704700000000204200002042000020C220
:10C3C000000020C290ED050AD0ED010A1B4A30EEB4
:10C3D000600A10EE101A80ED020A914201DBB2EE03
:10C3E000040A10EE101A164A80ED020A914201D397
:10C3F000BAEE040A90ED061AD0ED040AD0ED033A25
:10C4000090ED073A00EE801AD0ED0A2A90ED082A46
:10C41000D0ED091A80ED020AF0EE410A43EE800ADF
:10C4200081FE430AC0FEE20A80FE020AC0FEA10AA3
:10C4300080ED060AC0ED0B0A7047000000002041A5
:10C44000000020C110282FD2DFE800F0080A0D0FED
:10C45000111316181A1C1F212426282A002100E077
:10C46000042112481EE00821FBE70C21F9E7002116
:10C4700000E004210E4815E00821FBE70C21F9E754
:10C48000002100E004210B480CE0082100E00C2111
:10C49000094807E0002104E0042102E0082100E04F
:10C4A0000C210648FBF750B870470000E80800244C
:10C4B0003409002480090024CC090024FC0A00244B
:10C4C000F4F7AABA012100F04DB80A784AB14B78C6
:10C4D00003F00F03082B04D003685BB11B781A42EA
:10C4E00008D090F86000C00702D14878C00601D596
:10C4F000002070474FF0FF307047000010B500F08B
:10C5000079FA002805D00349896BBDE8104001F095
:10C5100049B810BD28050024F8B5054680892026B5
:10C52000E989401A04B207E08DF800600121AA6E83
:10C5300068469047641E24B2002CF5DC297B28460F
:10C54000BDE8F84000F07CB810B500F053FA0028C0
:10C5500003D0BDE8104000F083BB10BD4FF0FF31A9
:10C56000AFF30080F8B50446481C03D00023E289ED
:10C5700012B103E00123FAE701295FD0A0898242CA
:10C5800001D14D1C5AD082424FF0000501D1012942
:10C5900001D0184613E02169401E80B2521EE2818C
:10C5A000A0810D542046BDE8F840012100F048B8B4
:10C5B0002769421E461C3944475C30B28F54A28919
:10C5C000E189521A8242F3DCA0894FF00806A0F1FB
:10C5D0000100A08143B9E089401EE0818DF8006030
:10C5E0000121A26E68469047A18920694554B4F99B
:10C5F0000E5009E020690121405D8DF80000684679
:10C60000A26E90476D1C2DB2A089A842F2DC2020BA
:10C610008DF80000A26E012168469047A089E1894B
:10C62000401A401C05B207E08DF800600121A26E9F
:10C63000684690476D1E2DB2002DF5DCF8BD000058
:10C6400070B50C46054603E003A1284600F0AAFF9A
:10C65000611ECCB2F8D270BD082008004FF0FF3147
:10C6600000F00FBA10B5044600F006F82046BDE809
:10C670001040012100F028BF70B5044680890028D1
:10C6800035D0216900251E4E0D5494F86000C00776
:10C6900021D0204600F045FA204600F0F9FBE08E5C
:10C6A000E5810028A58122D016A1204600F07AFF5E
:10C6B000A26D00236169204600F0C2FC010004D095
:10C6C0002046BDE8704000F05DBCB1692046BDE881
:10C6D000704000F067BF206881682069F3F758FE5A
:10C6E00030B1716B204600F05DFFA581E58170BD22
:10C6F00094F8600040F0010084F860003168F1E7D0
:10C70000280500240D0A0000411C00200A785C2A3C
:10C7100001D01046704749786E290FD004DC3029CB
:10C72000F8D0622904D105E0722905D0742907D018
:10C7300008467047082070470D2070470A20704750
:10C7400009207047F0B5017800230A270446012527
:10C7500018462D291E4608D000212144002291F8B8
:10C7600000C0BCF1300F04D01EE001214FF0FF35B6
:10C77000F3E74A78782A07D0582A05D0622A05D0EC
:10C78000422A03D002220FE003220DE001220BE037
:10C7900091F800C0BCF12E0F06D191F801C0BCF198
:10C7A000000F01D0042211E011F801CBBCF1000F01
:10C7B000EED1012A08D0022A03D0032A06D110277D
:10C7C00003E00827012301E002270223691C234418
:10C7D00002D000215C181FE00121FBE72E2905D0C3
:10C7E000A1F13003092B03D8D9B20FE0012612E0E2
:10C7F000A1F16103052B01D8573904E0A1F14103F0
:10C80000052B02D83739C9B200E0002100FB071020
:10C8100006EB86035E00641C21780029DED1042A21
:10C8200013D196B100EE100A00EE906A01EE105A94
:10C83000B8EE400AF8EE600AF8EEC11A80EE201A4F
:10C8400021EE210A10EE100AF0BD6843F0BD2DE97B
:10C85000F0410446087827280AD02D2803D0A0F1FB
:10C860003002092A0CD8BDE8F0410846FFF76ABF3C
:10C870004A78002AF3D0BDE8F0410846FFF744BFEC
:10C8800024284FF0000608D0002817D00D464FF09E
:10C89000000722282C4613D01DE04A78002AF5D044
:10C8A000A26D0023491C204600F0CAFB010004D001
:10C8B0002046BDE8F04100F0B1B83046BDE8F08157
:10C8C0006C1C254607E05C280BD022280FD0E855C9
:10C8D0007F1CBFB2641C20780028F4D12846EE5596
:10C8E000ECE7601EFFF710FF641CE855F0E7EE551B
:10C8F000EEE72DE9F0478CB0994615460C4620210D
:10C90000824603A8F3F732FDA0786E1E00F00F07F1
:10C91000B74200DC374600250DF10C0808E009EBB2
:10C92000850041685046FFF792FF48F825006D1CCE
:10C93000B542F4DB082F3CD2DFE807F004090D1202
:10C94000181E2630A06880470CB0BDE8F087A168AB
:10C9500003988847F8E7DDE90301A2689047F3E709
:10C9600003ADA36895E807009847EDE703ADA46819
:10C9700095E80F00A047E7E7079803AD0090A4688B
:10C9800095E80F00A047DFE7DDE9070103ADCDE93A
:10C99000000195E80F00A468A047D5E707AB03ADF9
:10C9A00093E807008DE8070095E80F00A468A0470A
:10C9B000CAE74FF0FF30C7E7C06870470C4A302322
:10C9C000002110B54C1C5354E1B20929FAD3417827
:10C9D00001F00F01012903D9072901D9082901D83C
:10C9E000406810BD4068024900F016FD004810BDC7
:10C9F000EC2E00240849002051F8202032B192F892
:10CA00006020920702D551F820007047401C00B208
:10CA10000528F1DB00207047D82E0024487800F06C
:10CA20000F020020921E062A06D2DFE802F003065B
:10CA30000A0D0D0F8868006870478868B0F900001B
:10CA400070478868007870478868704788684168D0
:10CA500009B1006808470020704710B50B4604462E
:10CA6000FFF7C8FF00280BD0012C05D008DD59685E
:10CA7000BDE8104000F0FCBCBDE8104000F0F0B88C
:10CA800010BD70B5002904464FF000051BDDB4F958
:10CA90005430B4F85010B4F8520004F15004A3F12B
:10CAA00001028142A280A4F1500401D90A4600E0AB
:10CAB00002465242934212DC814200D9084640426B
:10CAC000A4F854000BE009DAB4F85400401C00B29A
:10CAD000A4F85400002802DDA4F8545070BD20468C
:10CAE000FFF71AFDB4F95400C0B1B4F85220052183
:10CAF0001044401D90FBF1F201FB120004EB80009A
:10CB0000C16B206900F0D2FB0028A081E6D0E08153
:10CB100020462169BDE8704000F044BDA581E58153
:10CB200070BD70B50446B0F850000025A4F854500C
:10CB300058B1B4F85200216900B9052004EB800017
:10CB4000806BF3F725FC00281ED0B4F85200216951
:10CB500004EB8000C06B00F0A9FB20B1B4F85200D8
:10CB6000401CA4F85200B4F85000401C80B2A4F855
:10CB70005000052802D90520A4F85000B4F852004E
:10CB8000052801D3A4F8525070BD000070B50446CA
:10CB90000020062594F86030B2FBF5F2216143F0E5
:10CBA0000103A081E0812060A4F85400A4F85000A3
:10CBB000A4F8520084F86030A286421CA38E04EBD5
:10CBC000800510B2052803FB0212EA63F5DB114869
:10CBD000A065114811490088A4F85C005FF00000CE
:10CBE00051F820209AB1401C00B20528F8DBA26D54
:10CBF00000230BA1204600F023FA0146204600F056
:10CC000057FA2046BDE87040012100F05DBC41F8B4
:10CC10002040ECE71CDA00084CDB0008D82E00248A
:10CC2000687577656970696E6700000010B5FFF779
:10CC3000E1FE002803D0BDE8104000F0B1B810BDFF
:10CC400038B50446C089002809D008208DF80000B6
:10CC5000A26E012168469047E089401EE08138BD00
:10CC60002DE9F041876D06460F488168304600F097
:10CC700099FC002412E000BF07EB0415687800F06F
:10CC80000F00012808D829463046FFF71EFC18B9C6
:10CC90002946304600F00AF8641C24B2B6F85C005D
:10CCA000A042E9DCBDE8F08128050024F8B505467E
:10CCB0000E460846FFF782FE0146284600F072FC49
:10CCC000C0F1160004B2002C00DC04245FF0200741
:10CCD0008DF80070AA6E012168469047641E24B248
:10CCE000002CF5D171782A4801F00F01012901D8F3
:10CCF000016C0CE0072901D8416C08E0082901D833
:10CD0000816C04E0092901D8C16C00E0016D28465E
:10CD100000F048FC1FA1284600F044FC012707242E
:10CD2000307807FA04F1084201D0782000E02D2085
:10CD30008DF80000AA6E012168469047641E64B217
:10CD4000002CEDDA13A1284600F02CFC3046FFF74A
:10CD500033FEAA6E00210346A2B102E0491C89B24B
:10CD6000401C04781CB10D2C01D00A2CF6D12429CA
:10CD700006D9242118469047AA6E032106A000E098
:10CD8000184690472846BDE8F84004A100F00ABCC8
:10CD900028050024202000002E2E2E000D0A000061
:10CDA0002DE9F041876D064610484169304600F094
:10CDB000F9FB002414E000BF07EB0415687800F0CD
:10CDC0000F0008280AD9092808D829463046FFF755
:10CDD0007CFB18B929463046FFF768FF641C24B273
:10CDE000B6F85C00A042E7DCBDE8F081280500242D
:10CDF0002DE9F041876D064610480169304600F084
:10CE0000D1FB002414E000BF07EB0415687800F0A4
:10CE10000F0007280AD9082808D829463046FFF706
:10CE200054FB18B929463046FFF740FF641C24B272
:10CE3000B6F85C00A042E7DCBDE8F08128050024DC
:10CE40002DE9F041876D06461048C168304600F074
:10CE5000A9FB002413E000BF07EB0415687800F07D
:10CE60000F00801E052808D829463046FFF72DFB05
:10CE700018B929463046FFF719FF641C24B2B6F8EA
:10CE80005C00A042E8DCBDE8F08100002805002439
:10CE9000002370B501241A4619464D1C00EB81068B
:10CEA00029B208297261F8DB0021C28627E023B984
:10CEB00005696E5C202E1ED0EEB105696E5C222ED7
:10CEC00001D11BB10023012C02D00BE00123FAE7B2
:10CED000C48E082C05D2661CC68600EB84040D4463
:10CEE0006561002405696E5C5C2E06D14E1CAD5D4B
:10CEF0001DB1B1B201E001246A54491C89B285898F
:10CF00008D42D4D870BD08B5C1898289914209D2B9
:10CF100003694A1CC281595C8DF800100121826EA0
:10CF20006846904708BD00002DE9F04104000D4619
:10CF30004FF0FF3710D07DB194F86000C0F3400689
:10CF40000846F3F71EFAA18E491E884207D90C48FD
:10CF50004168204600F026FB3846BDE8F081206994
:10CF6000294600F0A3F9A0812046FFF785FB94F83D
:10CF7000600066F3410084F860000020EDE70000E7
:10CF8000280500242DE9F047044690F860000025AC
:10CF90000F4640F0020084F8600004F1140948785C
:10CFA00001070BD000F00F0001282AD0811E0529AF
:10CFB00036D83946204600F00FF937E04FF0000828
:10CFC000454616E004EB850670690178222904D1F4
:10CFD00080F800807069401C7061F3F7D2F980B26C
:10CFE0007169401E0A5C222A01D101F800806D1C83
:10CFF000ADB2E08EA842E5D8BA684946E08E9047C7
:10D0000005E0E28E4B4639462046FFF772FC0546A6
:10D01000787880060AD42946204600F083FA05E095
:10D02000082803D13946204600F042F894F8600001
:10D0300020F0020084F860002846BDE8F087000078
:10D040002DE9F0470646806D8A469946101A154626
:10D05000B6F85C100024A1EB101087B21BE000BFF3
:10D0600005EB041898F8010000F00F00092810D013
:10D0700041463046FFF729FA58B94046FFF79EFC73
:10D080000146B9F100000BD002465046F3F78EF985
:10D0900050B1641CA4B2BC42E2D30020BDE8F087CA
:10D0A0005046F3F775F9F3E705EB0410F6E70000D7
:10D0B00070B50160044688680D4600B3F3F761F966
:10D0C000E8B1E08E022804D3A169A868F3F760F9FB
:10D0D000A8B194F8600020F0010000BF0B4D84F867
:10D0E00060002046A96B00F05DFA94F86000C0076C
:10D0F0000AD029682046BDE8704000F053BA94F881
:10D10000600040F00100E9E770BD00002805002440
:10D110002DE9F0410E460746FFF76CFC041E16D0C1
:10D12000A26D00233946FFF78BFF0E4D010010D092
:10D13000487800F00F00801E06280CD339462046A0
:10D1400000F030FA696A204600F02CFA0020BDE8B1
:10D15000F081A96AF7E732462046BDE8F04100F0C9
:10D1600003B800002805002470B50C464978054630
:10D1700018484B0601D5016A18E001F00F01891E1D
:10D18000062921D2DFE801F00306090C1116A06878
:10D19000026019E0A068028016E0A068027013E047
:10D1A000A068114600F082F80EE0C169284600F040
:10D1B000F9F909E0A068836833B1006810B111463D
:10D1C000984701E01046984721462846BDE8704040
:10D1D00000F002B828050024FEB523A20C4606463E
:10D1E00007CA8DE8070021463046FFF717FC616843
:10D1F0000546304600F0D6F91EA1304600F0D2F9BF
:10D20000607800F00F00052823D06946284600F01A
:10D21000DBF8C0F10B006C460119304600F0C2F992
:10D2200015A1304600F0BEF9302000214A1C6054A0
:10D2300011B20B29FADB6946284600F0EDF8694681
:10D24000304600F0AFF90EA1304600F0ABF92846A9
:10D25000FEBD0CA1304600F0A5F92946304600F08D
:10D26000A1F908A1ECE70000303030303030303028
:10D2700030303000203D20002C20307800000000AD
:10D280000D0A00002200000030B5044600200246CE
:10D2900005E0AB4209D1401C521C80B292B2A35CA3
:10D2A000002B02D08D5C002DF3D130BD0246002052
:10D2B00010B502E0441C1354A0B20B5C002BF9D152
:10D2C0000021115410BD00002DE9F05F0446808953
:10D2D0004FF000094D46B4F8348030B12269CA4697
:10D2E000564602F800A0A76D3BE02046FFF7B8FCC9
:10D2F0002046BDE8F05F012100F0E6B807EB06111B
:10D3000020468B46FFF7E1F848BB5846FFF756FB2F
:10D3100001462069FFF7B8FFA18988421FD1D5B126
:10D32000012D03D127A1204600F03CF907EB09119C
:10D3300020468946FFF7BAFC5846FFF73FFB834675
:10D340004846FFF73BFB5946FFF79EFF80454146A5
:10D3500000D8084680466D1C1FFA86F9ADB2761CCF
:10D3600036B2B4F85C00B042C8DC002D27D0012DE5
:10D3700002D12046FFF7D0F807EB09100646FFF769
:10D380001DFB01462069FFF791FF012DA0810AD9FD
:10D3900031462046FFF78AFC0121204600F094F830
:10D3A0004046A4F80C80216982B201F802A0A0894D
:10D3B000E08120462169BDE8F05F00F0F3B8BDE8E8
:10D3C000F09F00000D0A000030B5002803464FF022
:10D3D0000B0200DA43420025CD720A240AE000BFA6
:10D3E00093FBF4F5521ED2B204FB153593FBF4F314
:10D3F00030358D54002BF3D1002802DA4FF02D0088
:10D4000002E005D14FF03000A2F10102D2B28854FF
:10D41000C2F10B0040B230BD00230B7208220AE0BB
:10D4200000F00F03092B01D9573300E03033521EAF
:10D43000D2B200098B540028F2D1C2F1080040B2E8
:10D4400070470121FFF71DBB10B5FFF7D3FA002885
:10D4500003D0BDE81040FFF7CBBC10BD10B5FFF7FF
:10D46000C9FA002803D0BDE81040FFF7E9BC10BDA1
:10D4700070B5826D00230546FFF7E2FD04001048F9
:10D4800017D0C16A284600F08DF82046FFF796FABB
:10D490000146284600F086F80AA1284600F082F8E6
:10D4A0002046FFF789FA0146284600F07BF805A1DF
:10D4B00000E081692846BDE8704000F073B80000C4
:10D4C000280500240D0A000010B5044690F86000FD
:10D4D000C00719D019B10EA1204600F063F82068EA
:10D4E0004168204600F05EF80AA1204600F05AF894
:10D4F000A16801B908A1204600F054F807A1204610
:10D50000BDE8104000F04EB80548016BF7E7000099
:10D510000D0A00003A0000002F0000002420000047
:10D5200028050024FEB516A20D46064607CA8DE85A
:10D53000070016A1304600F035F869462846FFF787
:10D5400043FFC0F10B006C460119304600F02AF889
:10D5500011A1304600F026F830200022511CA054C2
:10D560000AB20B2AFADB69462846FFF755FF6946DF
:10D57000304600F017F80AA1304600F013F8FEBD5F
:10D5800030303030303030303030300052657475EB
:10D59000726E3A20000000002C203078000000005D
:10D5A0000D0A000010B5846E0B460A4600211CB916
:10D5B000002010BD491C89B212F8010B0028F9D1D6
:10D5C0001846A04780B210BD05484FF400720549C7
:10D5D00081660549416600F16C01FFF7D7BA00008A
:10D5E000F82E00240DD60008EDD5000810B5054929
:10D5F000012204460448FAF705FC0248007820702E
:10D60000012010BD2C000024280C002470B50C460D
:10D61000054604E015F8010B0121FDF7A1FD601E90
:10D6200084B2F7D220B270BD0006101600061016A4
:10D630000001020304050607080C101418203040EE
:10D6400000000000000000000000000000000000DA
:10D6500000000000010000000200000003000000C4
:10D6600004000000000000000500000000000000B1
:10D6700000000000000000000600000000000000A4
:10D680000000000000000000070000000100020090
:10D690000400060008000A000C00100020004000F2
:10D6A00080000001010101030701000008040204D9
:10D6B000080101010000000001020304010203044B
:10D6C0000607080901000200030004000500060027
:10D6D0000700080009000A000B000C000D000E00F6
:10D6E0000F001000A50080008100820083008400EC
:10D6F00085009000910092009300940095000040F6
:10D700006040654070408040824084408640904048
:10D7100092409440964091409340954097405000ED
:10D720005100520053000000000000000000000003
:10D7300000000000000000000000000000000000E9
:10D7400000000000000000000000000000000000D9
:10D7500000000000000000000000000000000000C9
:10D7600000000000000000000000000000000000B9
:10D7700000000000000000000000000000000000A9
:10D780000000000000000000000000000000000099
:10D790000000000000000000000000000000000089
:10D7A0000000000000000000000000000000000079
:10D7B0000000000000000000000000000000000069
:10D7C000000000001F09F108C3089508680839081F
:10D7D0000C08DD07AF07810753072707FA06CD06B8
:10D7E000A10675064A061F06F505CC05A3057B05AF
:10D7F00053052D050705E204BD049904760454047D
:10D8000033041304F303D403B60399037C036003C6
:10D8100046032B031203F902E102CA02B4029E027C
:10D820008802740260024D023A02280216020602C1
:10D83000F501E501D601C701B901AB019D019101D7
:10D84000840178016C01610156014C0141013701ED
:10D850002E0125011C0113010B010301FB00F30044
:10D86000EC00E500DE00D800D100CB00C500C00010
:10D87000BA00B500AF00AA00A600A1009C00980065
:10D88000940090008C008800840080007D00790066
:10D890007600730070006D006A006700640062002B
:10D8A0005F005C005A0058005500530051004F00C3
:10D8B0004D004B0049004700460044004200410033
:10D8C0003F003D003C003A0039003800360035008A
:10D8D00034003200310030002F002E002D002C00CB
:10D8E0002B002A00290028002700260025002400FC
:10D8F0003E0C180CF20BCA0BA20B790B500B260B2B
:10D90000FC0AD10AA50A790A4D0A200AF309C609B8
:10D9100099096B093E091009E208B50887085A08F9
:10D920002D080008D307A6077A074E072307F80635
:10D93000CE06A4067B0652062A060206DB05B505BE
:10D940008F056A0546052205FF04DD04BB049A0421
:10D950007A045B043C041E040104E403C803AD0321
:10D96000920379035F0347032F0318030103EB02BC
:10D97000D602C102AD029902860273026102500210
:10D980003F022E021E020F02FF01F101E301D50149
:10D99000C701BA01AE01A20196018A017F0174019B
:10D9A0006A01600156014C0143013A01310129012C
:10D9B00021011901110109010201FB00F400EE002F
:10D9C000E700E100DB00D500CF00CA00C500BF00C2
:10D9D000BA00B500B100AC00A800A3009F009B00F6
:10D9E000970093008F008C008800850082007E00E5
:10D9F0007B007800750072006F006D006A0068009F
:10DA00006500630060005E005C005A00570055002E
:10DA10005300520050004E004C004A000008000025
:10DA20004CDD000814DE0008A8DD0008000100003D
:10DA300070DD000811D1000890DD00080009000029
:10DA400000415B1B43D400086CDD000800090000A6
:10DA500000425B1B5DC600085CDD00080019000089
:10DA600000435B1B07CF0008E8DD00080019000039
:10DA700000445B1B41CC0008E0DD00080009000009
:10DA800000000009C9D2000814DD000800190000D8
:10DA900000000008C5C4000828DD000800190000C7
:10DAA0000000007F5DC5000844DD0008001900008B
:10DAB0007E335B1B5DC5000844DD000800190000D3
:10DAC0000000000A65C60008B8DD00080019000063
:10DAD0000000000D65C60008B8DD00080020000049
:10DAE00064DD00085BCA0008F4DC000800210000C7
:10DAF000D0DD000849D4000898DD000800210000AE
:10DB0000C0DD000849C5000818DD0008002100003C
:10DB1000C8DD00085DD4000880DD00080021000099
:10DB2000D8DD00082DCC0008F0DD00080021000041
:10DB300078DD0008FDC4000834DD00080021000085
:10DB400058DD0008B3BE000800DE00081300000026
:10DB50000D0A436F6D6D616E64204C6973743A0DEC
:10DB60000A0000000D0A566172204C6973743A0D68
:10DB70000A0000000D0A55736572204C6973743AEF
:10DB80000D0A00000D0A4B6579204C6973743A0D3B
:10DB90000A000000436F6D6D616E64206E6F74202B
:10DBA000466F756E640D0A000D0A5761726E696EDC
:10DBB000673A20436F6D6D616E6420697320746FE6
:10DBC0006F206C6F6E670D0A0000000020697320E3
:10DBD0006E6F742061207661720D0A0063616E279A
:10DBE00074207365742072656164206F6E6C792097
:10DBF0007661720D0A00000063616E277420736500
:10DC00007420706F696E7465720D0A000D0A0D0A3A
:10DC10004275696C643A202020202020204D6172DA
:10DC200020313920323032362031383A32383A30E9
:10DC3000300D0A56657273696F6E3A2020202020DD
:10DC4000332E312E320D0A436F7079726967687412
:10DC50003A2020202863292032303230204C65744D
:10DC60007465720D0A0000000D0A70617373776F9E
:10DC70007264206572726F720D0A00005661722024
:10DC80006E6F7420466F756E740D0A001B5B324B0D
:10DC90000D000000434D442000000000564152207A
:10DCA000000000004B45592000000000636F6D6DBF
:10DCB000616E642068656C70206F66200000000053
:10DCC000506C6561736520696E7075742070617346
:10DCD00073776F72643A00004E4F4E4500000000AB
:10DCE0001B5B324A1B5B3148000000005553455214
:10DCF0000000000073686F7720636F6D6D616E6464
:10DD000020696E666F0D0A68656C70205B636D64D8
:10DD10005D000000746162006C69737420616C6C5A
:10DD200020636D64000000006261636B7370616367
:10DD300065000000636C65617220636F6E736F6CC9
:10DD40006500000064656C65746500006875776542
:10DD50006970696E6700000073680000646F776E19
:10DD60000000000068656C70000000007570000025
:10DD70007365745661720000636C65617200000027
:10DD80006C69737420616C6C207661720000000015
:10DD900073657420766172006C69737420616C6CB9
:10DDA000207573657200000064656661756C74208F
:10DDB0007573657200000000656E74657200000086
:10DDC000636D6473000000007661727300000000F0
:10DDD00075736572730000006B6579730000000055
:10DDE0006C6566740000000072696768740000006A
:10DDF0006C69737420616C6C206B657900000000A5
:10DE000072756E20636F6D6D616E642064697265FA
:10DE100063746C790000000038DE00080000002404
:10DE200088050000A608000830DF000888050024E7
:10DE3000E05B0000F2B5000841300AAA5566778819
:10DE400099CC110182103C90D00304F1051CEA0F1B
:10DE500049402944290401152C04025861F920295C
:10DE6000180A1180180D12100258025019180913BF
:10DE70006819180A1208181A086019B609179801C3
:10DE8000FF01FF01FF01422370FD438F02AB803F82
:10DE900004200963EE7A3F9C33A23CAB4041041856
:10DEA0000977BE7F3F6F12833A0CAA4004E80958F5
:10DEB000FF7F3FACC52737301ADE18EDBD37063679
:10DEC00018600996431B3FD578C93EC00B803F6858
:10DED000B3BA3F9FCDEABEA009EC411644271C0906
:10DEE000C4CBFA4404C11AA088CBA0405861130CDB
:10DEF000DC1408A8DB1B0850041A64041A74041A02
:10DF000084041A94041AF8041ADC041ACC041A7C47
:10DF1000281AAC041AC0041A68041AE0041A8C0403
:10DF20001A94041A9C041AEC041AA4041AD804C102
:040000050800029954
:00000001FF
